t_ms,chipC,skinC,modemC,freqMhz,maxMhz,nomMaxMhz,cores,gpuPct,headroomPct,thermalStatus,fps,mbps,latMs,lossPct,frameTgtMs,frameActMs,battLevel,battCurMa,battMv,action,load,netTier
84,48.4,35.3,44.8,1397,2390,3442,8,21.8,82.5,1,120.0,0.0,-1.0,-1.0,8.3,8.3,47.0,-118.0,3786.0,-1,0.00,0
2034,58.1,35.3,47.5,2390,2390,3442,8,0.0,82.5,1,0.9,11.8,23.9,0.0,8.3,1069.0,47.0,-534.0,3786.0,8,0.70,2
4067,62.4,35.3,50.2,2390,2390,3442,8,0.0,82.5,1,1.1,11.9,30.8,0.0,8.3,906.2,47.0,-1195.0,3786.0,8,0.70,2
6092,63.3,35.3,51.3,2390,2390,3442,8,0.0,82.5,1,1.4,12.8,42.8,0.0,8.3,736.0,47.0,-744.0,3786.0,8,0.70,2
8109,64.7,35.3,52.5,2390,2390,3442,8,0.0,82.5,1,1.1,13.3,24.9,0.0,8.3,898.2,47.0,-1430.0,3786.0,8,0.70,2
10126,65.9,35.3,53.2,2390,2390,3442,8,18.3,82.4,1,1.4,13.3,23.8,0.0,8.3,700.9,47.0,-1123.0,3786.0,-1,0.70,2
12144,62.9,35.4,53.2,2270,2390,3442,8,0.0,82.4,1,1.3,13.3,30.2,0.0,8.3,769.5,47.0,-1061.0,3786.0,11,0.75,2
14159,66.7,35.4,53.6,2390,2390,3442,8,0.0,82.4,1,1.2,12.9,29.0,0.0,8.3,806.4,47.0,-1101.0,3786.0,11,0.79,2
16177,67.4,35.4,54.8,2390,2390,3442,8,0.0,82.3,1,1.3,12.9,31.8,0.0,8.3,768.0,47.0,-1075.0,3786.0,11,0.81,2
18192,67.4,35.4,55.2,2390,2390,3442,8,0.0,82.3,1,1.2,13.0,37.5,0.0,8.3,806.4,47.0,-1075.0,3786.0,11,0.82,2
20226,68.3,35.4,55.6,2390,2390,3442,8,0.0,82.2,1,1.4,13.2,24.0,0.0,8.3,733.1,47.0,-1177.0,3786.0,11,0.83,2
22239,68.6,35.5,56.0,2390,2390,3442,8,0.0,82.2,1,1.4,13.3,26.9,0.0,8.3,706.8,47.0,-990.0,3786.0,11,0.84,2
24259,66.4,35.5,55.6,2002,2390,3442,8,0.0,82.1,1,1.1,13.8,24.9,0.0,8.3,896.4,47.0,-663.0,3786.0,11,0.84,2
26285,63.6,35.5,54.4,2390,2390,3442,8,0.0,82.0,1,7.1,9.7,67.8,0.0,8.3,140.7,47.0,-310.0,3786.0,0,0.40,0
28299,63.2,35.5,52.9,2390,2390,3442,8,0.0,82.0,1,9.3,5.1,27.0,0.0,8.3,107.3,47.0,-297.0,3786.0,0,0.40,0
30307,62.4,35.5,52.5,2390,2390,3442,8,0.0,81.9,2,9.4,2.8,31.8,0.0,8.3,106.4,47.0,-375.0,3786.0,0,0.40,0
32319,61.6,35.5,52.5,2390,2390,3442,8,0.0,81.9,2,9.4,1.7,27.8,0.0,8.3,106.5,47.0,-271.0,3786.0,0,0.40,0
34333,59.7,35.5,51.7,2390,2390,3442,8,0.0,81.9,2,9.4,1.2,33.5,0.0,8.3,105.9,47.0,-311.0,3786.0,0,0.40,0
36346,60.8,35.5,51.7,2390,2390,3442,8,0.0,81.8,2,9.5,0.9,35.8,0.0,8.3,105.4,47.0,-478.0,3786.0,0,0.40,0
38363,60.5,35.6,51.7,2045,2390,3442,8,5.5,81.8,2,8.8,0.8,25.3,0.0,8.3,114.0,47.0,-471.0,3786.0,0,0.40,0
40386,58.1,35.6,51.3,1397,2390,3442,8,0.0,81.8,2,9.2,0.7,29.4,0.0,8.3,108.4,47.0,-251.0,3786.0,0,0.40,0
42402,58.5,35.6,50.5,2390,2390,3442,8,0.0,81.8,2,9.3,0.7,27.8,0.0,8.3,108.0,47.0,-313.0,3786.0,0,0.40,0
44418,58.7,35.6,50.9,2390,2390,3442,8,0.0,81.7,2,9.2,0.6,38.1,0.0,8.3,108.1,47.0,-361.0,3786.0,0,0.40,0
46431,61.4,35.6,51.7,2390,2390,3442,8,0.0,81.7,2,9.3,0.6,35.0,0.0,8.3,107.4,47.0,-540.0,3786.0,0,0.40,0
48444,62.0,35.7,52.1,2390,2390,3442,8,0.0,81.7,2,9.3,0.6,24.9,0.0,8.3,108.1,47.0,-585.0,3786.0,0,0.40,0
50457,64.1,35.7,52.5,2390,2390,3442,8,0.0,81.7,2,9.5,0.6,29.8,0.0,8.3,105.3,47.0,-658.0,3786.0,0,0.40,0
52473,64.0,35.7,52.5,2390,2390,3442,8,0.0,81.7,2,9.5,0.6,31.0,0.0,8.3,105.4,47.0,-614.0,3760.0,0,0.40,0
54486,62.1,35.7,52.5,2390,2390,3442,8,0.0,81.7,2,9.4,0.6,51.0,0.0,8.3,106.7,47.0,-306.0,3760.0,0,0.40,0
56499,60.1,35.7,51.7,2390,2390,3442,8,0.0,81.6,2,9.5,0.6,32.9,0.0,8.3,105.3,47.0,-352.0,3760.0,0,0.40,0
58512,63.2,35.8,51.7,2390,2390,3442,8,0.0,81.6,2,9.5,0.6,24.1,0.0,8.3,105.2,47.0,-454.0,3760.0,0,0.40,0
60527,60.1,35.8,51.3,2390,2390,3442,8,0.0,81.6,2,9.5,0.6,39.1,0.0,8.3,105.4,47.0,-413.0,3760.0,0,0.40,0
62538,61.2,35.8,50.9,2390,2390,3442,8,0.0,81.6,2,9.1,0.6,30.9,0.0,8.3,110.2,47.0,-55.0,3760.0,0,0.40,0
64551,58.9,35.8,50.2,2390,2390,3442,8,0.0,81.6,2,8.8,0.6,24.9,0.0,8.3,114.2,47.0,-305.0,3760.0,0,0.40,0
66563,57.7,35.8,50.5,2390,2390,3442,8,0.0,81.6,2,9.0,0.6,26.7,0.0,8.3,111.1,47.0,-395.0,3760.0,0,0.40,0
68578,58.9,35.8,50.5,2390,2390,3442,8,0.0,81.6,2,9.3,0.6,27.8,0.0,8.3,108.1,47.0,-354.0,3760.0,0,0.40,0
70587,59.7,35.9,50.5,2390,2390,3442,8,0.0,81.6,2,9.4,0.6,35.0,0.0,8.3,106.6,47.0,-298.0,3760.0,0,0.40,0
72598,60.1,35.9,50.5,2390,2390,3442,8,0.0,81.5,2,9.2,0.6,31.9,0.0,8.3,108.6,47.0,-455.0,3760.0,0,0.40,0
74616,59.3,35.9,50.2,2390,2390,3442,8,0.0,81.5,2,9.1,0.6,33.0,0.0,8.3,110.3,47.0,-239.0,3760.0,0,0.40,0
28,54.4,36.0,47.8,2237,2390,3442,8,0.0,81.5,2,120.0,0.0,-1.0,-1.0,8.3,8.3,47.0,53.0,3760.0,0,0.00,0
2016,56.6,36.0,48.2,2390,2390,3442,8,0.0,81.5,2,13.9,0.6,36.5,0.0,8.3,71.8,47.0,-228.0,3760.0,0,0.40,0
4032,55.8,36.0,48.2,2390,2390,3442,8,0.0,81.5,2,14.0,0.6,34.8,0.0,8.3,71.4,47.0,-82.0,3760.0,0,0.40,0
6052,53.6,36.0,48.2,1973,2390,3442,8,0.0,81.5,2,14.4,0.6,25.3,0.0,8.3,69.5,47.0,-184.0,3760.0,0,0.40,0
8071,52.9,36.0,48.2,1901,2390,3442,8,0.0,81.5,2,14.3,0.6,30.8,0.0,8.3,69.7,47.0,-110.0,3760.0,0,0.40,0
10091,53.6,36.1,48.2,1368,2390,3442,8,0.0,81.5,2,14.4,0.6,31.4,0.0,8.3,69.6,47.0,-239.0,3760.0,0,0.40,0
12107,55.2,36.1,48.2,2390,2390,3442,8,0.0,81.5,2,14.5,0.6,35.3,0.0,8.3,69.1,47.0,-152.0,3760.0,0,0.40,0
14120,56.3,36.1,49.0,2390,2390,3442,8,0.0,81.5,2,14.9,0.6,33.8,0.0,8.3,67.1,47.0,-422.0,3760.0,0,0.40,0
16132,55.8,36.1,49.0,2390,2390,3442,8,0.0,81.5,2,14.7,0.6,34.0,0.0,8.3,67.9,47.0,-284.0,3760.0,0,0.40,0
18146,57.1,36.1,49.0,2390,2390,3442,8,0.0,81.5,2,14.4,0.6,30.9,0.0,8.3,69.4,47.0,-242.0,3760.0,0,0.40,0
20163,57.7,36.1,49.0,2390,2390,3442,8,0.0,81.5,2,14.0,0.6,29.8,0.0,8.3,71.4,47.0,-139.0,3760.0,0,0.40,0
22176,58.5,36.1,49.4,2390,2390,3442,8,0.0,81.5,2,14.3,0.6,33.9,0.0,8.3,70.1,47.0,-359.0,3760.0,0,0.40,0
24190,54.4,36.2,49.4,1987,2390,3442,8,0.0,81.5,2,14.0,0.6,34.0,0.0,8.3,71.3,47.0,-150.0,3760.0,0,0.40,0
26206,54.0,36.2,49.0,1704,2390,3442,8,0.0,81.5,2,11.7,0.6,36.5,0.0,8.3,85.8,47.0,-193.0,3760.0,0,0.40,0
28224,62.4,36.2,50.9,2390,2390,3442,8,0.0,81.5,2,1.9,0.6,37.2,0.0,8.3,520.8,47.0,-636.0,3760.0,8,0.70,2
30236,62.0,36.2,52.1,2390,2390,3442,8,0.0,81.5,2,2.0,0.6,35.0,0.0,8.3,488.2,47.0,-610.0,3760.0,-1,0.70,2
32252,57.5,36.2,51.3,2016,2390,3442,8,25.5,81.5,2,1.7,0.6,33.9,0.0,8.3,596.7,47.0,-516.0,3766.0,11,0.75,2
34267,61.7,36.2,52.1,2390,2390,3442,8,0.0,81.5,2,2.0,0.6,28.8,0.0,8.3,504.3,47.0,-677.0,3766.0,11,0.79,2
36282,62.9,36.3,52.9,2390,2390,3442,8,0.0,81.5,2,2.0,0.6,28.9,0.0,8.3,488.2,47.0,-560.0,3766.0,11,0.81,2
38295,63.2,36.3,53.2,2390,2390,3442,8,0.0,81.5,2,2.0,0.6,39.9,0.0,8.3,488.0,47.0,-692.0,3766.0,11,0.82,2
40308,65.5,36.3,53.2,2390,2390,3442,8,0.0,81.4,2,2.0,0.6,23.8,0.0,8.3,488.0,47.0,-642.0,3766.0,11,0.83,2
42329,66.3,36.3,54.4,2184,2184,3442,8,0.0,81.4,2,1.9,0.6,31.3,0.0,8.3,519.2,47.0,-1269.0,3766.0,11,0.84,2
44348,61.0,36.3,54.0,1838,1838,3442,8,71.9,81.4,2,1.4,0.6,23.3,0.0,8.3,704.3,47.0,-220.0,3766.0,11,0.84,2
46371,59.4,36.3,52.9,1627,1838,3442,8,28.0,81.4,2,1.4,0.6,28.2,0.0,8.3,704.3,47.0,-563.0,3766.0,11,0.85,2
48457,59.4,36.4,52.5,1838,1838,3442,8,22.9,81.3,2,1.2,0.6,31.6,0.0,8.3,808.0,47.0,-488.0,3766.0,11,0.85,2
50480,56.7,36.4,50.5,1651,1651,3442,8,0.0,81.3,2,1.4,0.5,35.8,0.0,8.3,695.0,47.0,-207.0,3766.0,11,0.85,2
52507,54.8,36.4,49.8,1651,1651,3442,8,30.5,81.2,2,1.2,0.6,29.5,0.0,8.3,853.9,47.0,-204.0,3766.0,11,0.85,2
54556,54.4,36.4,49.4,1651,1651,3442,8,0.0,81.2,2,1.2,0.6,37.3,0.0,8.3,806.4,47.0,-215.0,3766.0,11,0.85,2
56613,57.5,36.5,50.9,1824,2069,3442,8,34.9,81.2,2,1.2,0.6,35.5,0.0,8.3,819.6,47.0,-818.0,3766.0,11,0.85,2
58628,60.8,36.5,53.2,2069,2069,3442,8,0.0,81.2,2,1.6,0.6,35.7,0.0,8.3,610.4,47.0,-557.0,3766.0,11,0.85,2
60647,63.2,36.5,52.9,2390,2390,3442,8,0.0,81.2,2,2.0,0.6,33.9,0.0,8.3,503.8,47.0,-687.0,3766.0,11,0.85,2
62661,63.7,36.5,53.6,2390,2390,3442,8,0.0,81.2,2,2.1,0.6,27.9,0.0,8.3,475.3,47.0,-613.0,3766.0,11,0.85,2
64673,64.0,36.5,53.6,2390,2390,3442,8,0.0,81.2,2,2.1,0.6,34.6,0.0,8.3,487.5,47.0,-591.0,3766.0,11,0.85,2
66748,64.8,36.6,55.6,1824,2069,3442,8,39.3,81.1,2,1.2,0.5,41.9,0.0,8.3,804.8,47.0,-1127.0,3766.0,11,0.85,2
68915,59.8,36.6,53.2,1440,1651,3442,8,41.7,81.1,2,1.2,0.4,33.7,0.0,8.3,831.2,47.0,-271.0,3766.0,11,0.85,2
70963,57.5,36.6,51.7,1440,1651,3442,8,11.0,81.1,2,1.2,0.5,34.0,0.0,8.3,867.2,47.0,-254.0,3766.0,11,0.85,2
73197,56.0,36.7,50.9,1440,1651,3442,8,9.1,81.0,2,1.3,0.6,34.4,0.0,8.3,800.0,47.0,-217.0,3766.0,11,0.85,2
75466,56.0,36.7,50.5,1440,1651,3442,8,19.7,81.0,2,1.2,0.6,39.5,0.0,8.3,830.1,47.0,-349.0,3766.0,11,0.85,2
77484,55.2,36.7,50.5,1440,1651,3442,8,12.8,81.0,2,1.2,0.6,21.5,0.0,8.3,865.5,47.0,-207.0,3766.0,11,0.85,2
79681,55.2,36.7,50.2,1440,1651,3442,8,11.7,81.0,2,1.1,0.5,84.8,0.0,8.3,896.4,47.0,-517.0,3766.0,11,0.85,2
81731,55.2,36.7,50.2,1440,1651,3442,8,16.4,81.0,2,1.1,0.5,229.1,0.0,8.3,878.0,47.0,-605.0,3766.0,11,0.85,2
83757,54.4,36.8,49.8,1440,1651,3442,8,21.0,81.0,2,1.2,0.5,23.3,0.0,8.3,819.2,47.0,-79.0,3766.0,11,0.85,2
85787,55.6,36.8,50.9,1550,1651,3442,8,19.1,80.9,2,1.2,0.4,31.4,0.0,8.3,811.2,47.0,-300.0,3766.0,11,0.85,2
87805,55.6,36.8,50.2,1651,1651,3442,8,10.6,80.9,2,1.0,0.4,29.5,0.0,8.3,956.2,47.0,-304.0,3766.0,11,0.85,2
89823,54.8,36.8,49.8,1440,1651,3442,8,11.1,80.9,2,1.3,0.3,35.6,0.0,8.3,768.0,47.0,-195.0,3766.0,11,0.85,2
91854,54.8,36.8,50.2,1440,1651,3442,8,15.0,80.9,2,1.2,0.3,335.1,0.0,8.3,850.5,47.0,-242.0,3765.0,11,0.85,2
93892,54.8,36.9,50.2,1440,1651,3442,8,13.0,80.9,2,1.1,0.3,31.5,0.0,8.3,901.8,47.0,-499.0,3765.0,11,0.85,2
95911,54.8,36.9,50.2,1440,1651,3442,8,9.3,80.9,2,1.2,0.3,31.7,0.0,8.3,816.0,47.0,-286.0,3765.0,11,0.85,2
97934,54.8,36.9,49.4,1546,1651,3442,8,12.2,80.9,2,1.1,0.3,31.4,0.0,8.3,896.0,47.0,-403.0,3765.0,11,0.85,2
100155,54.0,36.9,49.8,1440,1651,3442,8,18.9,80.9,2,1.2,0.3,78.9,0.0,8.3,810.8,47.0,-526.0,3765.0,11,0.85,2
102246,55.2,36.9,50.2,1550,1651,3442,8,21.3,80.9,2,1.1,0.3,23.6,0.0,8.3,886.8,47.0,-863.0,3765.0,11,0.85,2
104269,55.2,36.9,50.2,1440,1651,3442,8,11.6,80.9,2,1.2,0.3,43.2,0.0,8.3,838.0,47.0,-336.0,3765.0,11,0.85,2
106309,54.4,37.0,49.8,1440,1651,3442,8,11.3,80.9,2,1.2,0.3,33.5,0.0,8.3,817.2,47.0,-150.0,3765.0,11,0.85,2
108471,54.4,37.0,50.5,1440,1651,3442,8,12.0,80.9,2,1.1,0.3,95.0,0.0,8.3,898.2,47.0,-364.0,3765.0,11,0.85,2
110516,55.6,37.0,50.5,1440,1651,3442,8,15.0,80.9,2,1.1,0.4,67.2,0.0,8.3,872.4,47.0,-499.0,3765.0,11,0.85,2
112622,55.2,37.0,50.2,1440,1651,3442,8,12.6,80.9,2,1.1,0.5,35.3,0.0,8.3,898.7,47.0,-265.0,3765.0,11,0.85,2
114659,54.8,37.0,49.8,1440,1651,3442,8,10.5,80.9,2,1.2,0.6,160.7,0.0,8.3,846.8,47.0,-369.0,3765.0,11,0.85,2
116687,54.8,37.0,49.8,1440,1651,3442,8,15.3,80.9,2,1.2,0.4,64.8,0.0,8.3,854.3,47.0,-425.0,3765.0,11,0.85,2
118706,57.9,37.0,50.9,1824,2069,3442,8,20.8,80.9,2,1.2,0.4,35.5,0.0,8.3,812.0,47.0,-1463.0,3765.0,11,0.85,2
120733,63.3,37.0,54.4,1824,2069,3442,8,53.8,80.9,2,1.3,0.3,38.7,0.0,8.3,768.0,47.0,-905.0,3765.0,11,0.85,2
122747,62.8,37.1,54.4,2069,2069,3442,8,46.2,80.9,2,1.4,0.3,24.5,0.0,8.3,704.3,47.0,-670.0,3765.0,11,0.85,2
261,58.9,37.2,47.8,2390,2390,3442,8,0.0,80.8,2,120.0,0.0,33.5,0.0,8.3,8.3,47.0,-757.0,3765.0,0,0.00,0
2253,60.1,37.2,50.9,2390,2390,3442,8,0.0,80.8,2,1.7,11.3,32.2,0.0,8.3,574.8,47.0,-1045.0,3765.0,11,0.85,2
4372,58.7,37.2,53.2,1550,1651,3442,8,60.1,80.8,2,1.6,10.8,52.2,0.0,8.3,644.8,47.0,-933.0,3765.0,11,0.85,2
6394,58.3,37.2,52.5,1550,1651,3442,8,15.7,80.8,2,1.1,11.0,33.2,0.0,8.3,943.6,47.0,-594.0,3765.0,11,0.85,2
8448,55.2,37.2,50.5,1440,1651,3442,8,15.4,80.8,2,1.2,9.4,48.4,0.0,8.3,850.9,47.0,-368.0,3765.0,11,0.85,2
10552,54.8,37.2,49.8,1440,1651,3442,8,11.1,80.8,2,1.2,9.3,61.7,0.0,8.3,822.4,47.0,-421.0,3765.0,11,0.85,2
12571,54.8,37.3,49.8,1440,1651,3442,8,3.0,80.8,2,1.1,8.9,40.8,0.0,8.3,884.2,47.0,-325.0,3765.0,11,0.85,2
14617,55.2,37.3,50.2,1440,1651,3442,8,18.5,80.8,2,1.2,8.2,64.4,0.0,8.3,848.8,47.0,-541.0,3757.0,11,0.85,2
16761,55.2,37.3,50.5,1440,1651,3442,8,12.9,80.8,2,1.1,8.0,58.5,0.0,8.3,910.7,47.0,-334.0,3757.0,11,0.85,2
18808,54.8,37.3,50.5,1440,1651,3442,8,5.1,80.8,2,1.2,8.9,42.3,0.0,8.3,857.2,47.0,-387.0,3757.0,11,0.85,2
20904,54.4,37.3,50.5,1440,1651,3442,8,12.1,80.8,2,1.2,9.1,80.8,0.0,8.3,820.0,47.0,-320.0,3757.0,11,0.85,2
22921,55.2,37.4,50.5,1440,1651,3442,8,17.8,80.8,2,1.2,5.9,60.7,0.0,8.3,836.4,47.0,-484.0,3757.0,11,0.85,2
25077,54.0,37.4,49.8,1440,1651,3442,8,20.7,80.7,2,1.1,6.8,28.6,0.0,8.3,871.6,47.0,-437.0,3757.0,11,0.85,2
27098,55.6,37.4,50.2,1651,1651,3442,8,12.6,80.7,2,1.2,6.8,38.7,0.0,8.3,843.2,47.0,-384.0,3757.0,11,0.85,2
29212,54.0,37.4,49.8,1440,1651,3442,8,11.1,80.7,2,1.2,5.8,132.6,0.0,8.3,859.8,47.0,-236.0,3757.0,11,0.85,2
31346,54.8,37.4,49.8,1440,1651,3442,8,10.6,80.7,2,1.2,5.8,220.6,0.0,8.3,846.0,47.0,-128.0,3757.0,11,0.85,2
33367,56.0,37.4,50.9,1440,1651,3442,8,15.1,80.7,2,1.2,5.8,54.3,0.0,8.3,843.6,47.0,-479.0,3757.0,11,0.85,2
35386,56.0,37.4,51.3,1546,1651,3442,8,12.8,80.7,2,1.1,5.8,51.9,0.0,8.3,950.6,47.0,-553.0,3757.0,11,0.85,2
37402,55.2,37.4,50.5,1440,1651,3442,8,6.1,80.7,2,1.2,4.1,98.2,0.0,8.3,850.1,47.0,-406.0,3757.0,11,0.85,2
39558,54.4,37.5,50.2,1651,1651,3442,8,12.2,80.7,2,1.2,3.7,135.2,0.0,8.3,850.1,47.0,-256.0,3757.0,11,0.85,2
41914,54.4,37.5,50.2,1440,1651,3442,8,20.9,80.7,2,1.2,3.4,65.9,0.0,8.3,821.3,47.0,-419.0,3757.0,11,0.85,2
43970,57.5,37.5,50.5,1886,2069,3442,8,20.8,80.7,2,1.1,6.6,45.7,0.0,8.3,905.1,47.0,-911.0,3757.0,11,0.85,2
45984,62.0,37.5,54.0,2069,2069,3442,8,0.0,80.7,2,1.4,4.8,38.9,0.0,8.3,707.5,47.0,-830.0,3757.0,11,0.85,2
48001,60.1,37.5,53.2,2011,2011,3442,8,0.0,80.7,2,1.7,9.2,26.8,0.0,8.3,597.0,47.0,-580.0,3757.0,11,0.85,2
92,55.0,37.6,49.0,2011,2011,3442,8,43.0,80.8,2,120.0,0.0,-1.0,0.0,8.3,8.3,47.0,76.0,3757.0,0,0.00,0
2054,58.5,37.6,51.7,1613,1651,3442,8,48.3,80.8,2,1.2,10.3,36.5,0.0,8.3,808.0,47.0,-734.0,3757.0,11,0.85,2
4087,56.3,37.6,50.9,1440,1651,3442,8,11.3,80.8,2,1.2,11.8,32.4,0.0,8.3,869.1,47.0,-473.0,3757.0,11,0.85,2
6179,55.2,37.6,49.8,1440,1651,3442,8,10.9,80.8,2,1.2,12.6,36.4,0.0,8.3,852.2,47.0,-469.0,3757.0,11,0.85,2
8203,55.6,37.7,50.5,1550,1651,3442,8,11.4,80.8,2,1.1,13.0,58.4,0.0,8.3,880.4,47.0,-575.0,3757.0,11,0.85,2
10221,55.2,37.7,50.9,1440,1651,3442,8,12.7,80.8,2,1.1,12.9,29.8,0.0,8.3,898.2,47.0,-533.0,3757.0,11,0.85,2
12262,55.2,37.7,50.5,1440,1651,3442,8,12.8,80.8,2,1.2,12.2,43.7,0.0,8.3,849.7,47.0,-488.0,3757.0,11,0.85,2
14309,54.8,37.7,50.5,1440,1651,3442,8,8.2,80.8,2,1.1,10.8,92.6,0.0,8.3,906.7,47.0,-411.0,3757.0,11,0.85,2
16342,55.2,37.7,50.2,1526,1651,3442,8,13.1,80.8,2,1.3,8.6,61.6,0.0,8.3,781.0,47.0,-314.0,3757.0,11,0.85,2
18388,54.4,37.7,50.2,1440,1651,3442,8,20.8,80.8,2,1.2,5.9,24.9,0.0,8.3,855.2,47.0,-281.0,3757.0,11,0.85,2
20429,55.2,37.7,50.5,1651,1651,3442,8,15.7,80.8,2,1.2,6.7,46.0,0.0,8.3,860.6,47.0,-501.0,3757.0,11,0.85,2
22446,54.8,37.7,49.8,1440,1651,3442,8,11.4,80.8,2,1.1,5.6,25.3,0.0,8.3,908.9,47.0,-236.0,3757.0,11,0.85,2
24462,54.8,37.7,50.5,1440,1651,3442,8,10.8,80.9,2,1.2,7.3,369.9,0.0,8.3,848.8,47.0,-468.0,3757.0,11,0.85,2
26474,55.6,37.7,50.9,1440,1651,3442,8,20.0,80.9,2,1.2,7.3,84.9,0.0,8.3,847.6,47.0,-394.0,3757.0,11,0.85,2
28533,55.6,37.8,51.3,1440,1651,3442,8,12.6,80.9,2,1.1,5.3,345.9,0.0,8.3,894.7,47.0,-428.0,3757.0,11,0.85,2
30570,55.2,37.8,50.5,1440,1651,3442,8,4.3,80.8,2,1.2,3.7,37.6,0.0,8.3,867.8,47.0,-687.0,3757.0,11,0.85,2
32633,54.8,37.8,50.2,1440,1651,3442,8,12.6,80.9,2,1.2,3.4,81.8,0.0,8.3,858.9,47.0,-444.0,3757.0,11,0.85,2
34963,55.2,37.8,50.5,1613,1651,3442,8,21.3,80.9,2,1.2,4.0,187.2,0.0,8.3,824.4,47.0,-439.0,3757.0,11,0.85,2
36982,58.7,37.8,53.2,1550,1651,3442,8,63.2,80.9,2,1.1,4.4,86.3,0.0,8.3,888.0,47.0,-807.0,3757.0,11,0.85,2
39023,57.1,37.8,52.1,1440,1651,3442,8,51.2,80.9,2,1.1,5.2,45.7,0.0,8.3,897.3,47.0,-602.0,3757.0,11,0.85,2
41065,66.3,37.8,53.2,2069,2069,3442,8,0.0,80.9,2,1.2,6.3,25.5,0.0,8.3,860.6,47.0,-2019.0,3757.0,11,0.85,2
43095,67.1,37.8,56.7,1651,1651,3442,8,34.1,80.9,2,1.2,5.1,32.8,0.0,8.3,858.9,47.0,-502.0,3757.0,11,0.85,2
45150,70.5,37.9,56.3,2390,2390,3442,8,0.0,80.8,2,1.2,3.9,47.8,0.0,8.3,814.4,47.0,-861.0,3757.0,11,0.85,2
47210,72.5,37.9,58.7,2390,2390,3442,8,0.0,80.8,2,1.6,2.3,29.4,0.0,8.3,636.6,47.0,-838.0,3757.0,11,0.85,2
49260,78.3,37.8,59.4,2390,2390,3442,8,0.0,80.8,2,1.3,1.8,38.2,0.0,8.3,742.2,47.0,-1179.0,3757.0,11,0.85,2
51330,70.6,37.9,58.7,2299,2390,3442,8,0.0,80.7,2,1.5,1.3,30.7,0.0,8.3,687.7,47.0,-747.0,3757.0,11,0.85,2
53407,79.9,37.9,59.4,2390,2390,3442,8,24.7,80.7,2,1.5,1.0,69.2,0.0,8.3,664.0,47.0,-1650.0,3757.0,11,0.85,2
55437,71.8,37.8,59.4,1973,2390,3442,8,34.7,80.6,2,1.0,0.8,39.7,0.0,8.3,970.8,47.0,-920.0,3757.0,11,0.85,2
57459,78.7,37.9,59.4,2318,2318,3442,8,0.0,80.6,2,1.6,0.8,50.0,0.0,8.3,623.7,47.0,-1051.0,3757.0,11,0.85,2
59547,73.7,37.9,59.8,2261,2261,3442,8,0.0,80.5,2,1.4,0.8,55.9,0.0,8.3,737.1,47.0,-1089.0,3757.0,11,0.85,2
61683,64.5,37.9,58.3,878,2261,3442,8,21.1,80.5,2,0.8,0.7,37.2,0.0,8.3,1292.9,47.0,-630.0,3757.0,11,0.85,2
63790,64.7,37.8,56.0,2318,2318,3442,8,0.0,80.4,2,0.6,0.7,41.3,0.0,8.3,1728.0,47.0,-253.0,3753.0,11,0.85,2
65860,70.2,37.9,57.9,2261,2261,3442,8,0.0,80.4,2,1.2,0.7,37.0,0.0,8.3,833.6,47.0,-1093.0,3753.0,11,0.85,2
67903,71.0,37.9,58.7,2318,2318,3442,8,0.0,80.3,2,1.2,0.7,29.0,0.0,8.3,869.1,47.0,-1130.0,3753.0,11,0.85,2
69945,83.3,37.9,60.6,2318,2318,3442,8,0.0,80.3,2,1.5,0.7,50.7,0.0,8.3,677.0,47.0,-1562.0,3753.0,11,0.85,2
71996,67.5,37.9,60.2,1282,2318,3442,8,0.0,80.3,2,0.8,0.7,28.8,0.0,8.3,1259.7,47.0,-668.0,3753.0,11,0.85,2
74096,65.2,37.9,58.7,1294,2318,3442,8,0.0,80.2,2,0.8,0.7,40.3,0.0,8.3,1262.8,47.0,-986.0,3753.0,11,0.85,2
76277,62.1,37.9,57.9,924,2318,3442,8,50.2,80.2,2,0.9,0.7,40.0,0.0,8.3,1093.0,47.0,-674.0,3753.0,11,0.85,2
78340,63.7,37.9,57.1,1656,2318,3442,8,0.0,80.1,2,1.0,0.7,28.2,0.0,8.3,995.3,47.0,-739.0,3753.0,11,0.85,2
80408,64.1,37.9,57.1,1723,2318,3442,8,33.5,80.1,2,0.9,0.8,34.4,0.0,8.3,1096.0,47.0,-648.0,3753.0,11,0.85,2
82532,61.7,37.9,56.7,1282,2261,3442,8,0.0,80.0,2,1.0,0.8,37.2,0.0,8.3,1045.0,47.0,-480.0,3753.0,11,0.85,2
84596,62.1,38.0,57.1,1282,2318,3442,8,0.0,80.0,2,1.1,0.8,36.7,0.0,8.3,935.1,47.0,-633.0,3753.0,11,0.85,2
86660,68.6,38.0,57.5,2318,2318,3442,8,0.0,80.0,3,1.1,0.8,51.6,0.0,8.3,909.8,47.0,-1203.0,3753.0,11,0.85,2
88776,76.0,38.0,59.0,2318,2318,3442,8,0.0,80.0,3,1.2,0.8,27.3,0.0,8.3,828.0,47.0,-1343.0,3753.0,11,0.85,2
90817,69.4,38.0,57.9,2117,2318,3442,8,0.0,80.0,3,0.9,0.8,29.5,0.0,8.3,1130.7,47.0,-1231.0,3753.0,11,0.85,2
92846,79.1,38.0,62.5,2318,2318,3442,8,32.0,80.0,3,1.1,0.7,43.2,0.0,8.3,901.3,47.0,-1787.0,3753.0,11,0.85,2
94921,77.2,38.0,64.5,2261,2261,3442,8,55.4,80.0,3,0.9,0.7,32.4,0.0,8.3,1164.0,47.0,-1441.0,3753.0,11,0.85,2
97029,67.9,38.0,60.6,1397,2261,3442,8,54.7,80.0,3,0.8,0.7,30.5,0.0,8.3,1184.6,47.0,-850.0,3753.0,11,0.85,2
99157,64.7,38.0,58.7,1382,2318,3442,8,0.0,79.9,3,1.0,0.7,43.8,0.0,8.3,1018.8,47.0,-621.0,3753.0,11,0.85,2
101263,64.1,38.0,57.5,1253,2318,3442,8,0.0,79.9,3,0.9,0.8,34.5,0.0,8.3,1115.7,47.0,-669.0,3753.0,11,0.85,2
103365,69.9,38.0,58.7,2054,2318,3442,8,43.6,79.9,3,1.0,0.8,35.5,0.0,8.3,986.4,47.0,-1492.0,3753.0,11,0.85,2
105473,62.5,38.1,57.5,1421,2318,3442,8,0.0,79.8,3,0.8,0.8,50.1,0.0,8.3,1206.9,47.0,-623.0,3753.0,11,0.85,2
107538,64.1,38.1,56.7,2054,2261,3442,8,59.0,79.8,3,0.9,0.8,48.2,0.0,8.3,1114.1,47.0,-632.0,3753.0,11,0.85,2
109594,61.4,38.1,56.7,1152,2261,3442,8,0.0,79.8,3,0.8,0.8,35.2,0.0,8.3,1182.9,47.0,-619.0,3753.0,11,0.85,2
111698,71.3,38.1,57.5,2141,2261,3442,8,53.7,79.8,3,1.0,0.8,29.1,0.0,8.3,966.6,47.0,-1378.0,3753.0,11,0.85,2
113781,72.2,38.1,59.0,2318,2318,3442,8,0.0,79.8,3,1.1,0.8,42.6,0.0,8.3,888.8,47.0,-1473.0,3753.0,11,0.85,2
115832,68.3,38.1,59.0,1754,2318,3442,8,39.1,79.8,3,1.3,0.8,40.2,0.0,8.3,757.5,47.0,-793.0,3753.0,11,0.85,2
117909,65.6,38.2,58.7,1358,2318,3442,8,37.0,79.7,3,1.1,0.8,35.5,0.0,8.3,916.0,47.0,-795.0,3753.0,11,0.85,2
120040,63.7,38.2,57.5,1306,2318,3442,8,38.7,79.7,3,0.8,0.8,45.2,0.0,8.3,1282.5,47.0,-660.0,3753.0,11,0.85,2
122192,64.5,38.2,58.3,1409,2318,3442,8,40.6,79.7,3,1.0,0.8,34.3,0.0,8.3,1020.7,47.0,-749.0,3753.0,11,0.85,2
124323,63.3,38.2,57.9,1253,2318,3442,8,0.0,79.7,3,0.9,0.8,38.0,0.0,8.3,1063.5,47.0,-728.0,3735.0,11,0.85,2
126382,68.3,38.2,57.9,2227,2318,3442,8,0.0,79.7,3,0.9,0.8,37.3,0.0,8.3,1124.3,47.0,-1061.0,3735.0,11,0.85,2
128580,74.9,38.3,62.5,2261,2261,3442,8,42.5,79.7,3,0.5,0.8,57.4,0.0,8.3,1838.2,47.0,-1861.0,3735.0,11,0.85,2
130692,72.6,38.3,63.3,1714,2261,3442,8,71.6,79.7,3,0.9,0.7,49.4,0.0,8.3,1086.0,47.0,-1383.0,3735.0,11,0.85,2
132761,71.8,38.3,61.0,2227,2318,3442,8,0.0,79.7,3,0.8,0.7,43.7,0.0,8.3,1209.1,47.0,-1693.0,3735.0,11,0.85,2
134828,70.2,38.3,60.6,1469,2318,3442,8,0.0,79.6,3,1.0,0.7,59.9,0.0,8.3,1034.0,47.0,-1341.0,3735.0,11,0.85,2
136933,70.2,38.3,60.6,1807,2318,3442,8,36.3,79.6,3,1.1,0.8,34.9,0.0,8.3,886.3,47.0,-1268.0,3735.0,11,0.85,2
139023,75.2,38.3,61.4,2124,2318,3442,8,32.7,79.6,3,1.1,0.8,32.2,0.0,8.3,875.8,47.0,-1398.0,3735.0,11,0.85,2
141108,74.5,38.4,61.4,2318,2318,3442,8,33.0,79.5,3,1.4,0.8,39.3,0.0,8.3,723.1,47.0,-1392.0,3735.0,11,0.85,2
143201,69.1,38.4,61.0,1421,2318,3442,8,34.5,79.5,3,1.1,0.8,46.3,0.0,8.3,924.4,47.0,-971.0,3735.0,11,0.85,2
145410,71.0,38.4,60.2,1978,2069,3442,8,33.6,79.5,3,0.8,0.8,36.8,0.0,8.3,1292.3,47.0,-1467.0,3735.0,11,0.85,2
147565,70.6,38.4,60.2,1654,2069,3442,8,0.0,79.5,3,0.8,0.7,29.7,0.0,8.3,1294.3,47.0,-1296.0,3735.0,11,0.85,2
149715,66.4,38.4,59.0,1438,2069,3442,8,0.0,79.4,3,0.8,0.7,37.3,0.0,8.3,1304.0,47.0,-854.0,3735.0,11,0.85,2
151785,64.8,38.4,58.7,1306,2198,3442,8,0.0,79.4,3,0.9,0.8,47.4,0.0,8.3,1149.9,47.0,-616.0,3735.0,11,0.85,2
153834,65.2,38.4,58.3,1637,2069,3442,8,30.1,79.4,3,0.9,0.8,36.6,0.0,8.3,1085.9,47.0,-884.0,3735.0,11,0.85,2
155957,64.5,38.5,57.9,1570,2069,3442,8,38.6,79.4,3,0.8,0.8,36.9,0.0,8.3,1273.8,47.0,-728.0,3735.0,11,0.85,2
158048,68.3,38.5,58.3,2069,2069,3442,8,41.6,79.4,3,1.0,0.8,25.8,0.0,8.3,992.9,47.0,-995.0,3735.0,11,0.85,2
160177,65.9,38.5,58.7,1642,2069,3442,8,43.4,79.4,3,0.9,0.8,26.5,0.0,8.3,1056.0,47.0,-891.0,3735.0,11,0.85,2
162279,66.8,38.5,58.3,1306,2069,3442,8,37.1,79.4,3,0.9,0.8,32.1,0.0,8.3,1129.6,47.0,-852.0,3735.0,11,0.85,2
164329,65.6,38.5,57.9,1951,2069,3442,8,0.0,79.4,3,0.9,0.8,44.1,0.0,8.3,1121.1,47.0,-932.0,3735.0,11,0.85,2
166413,64.8,38.5,57.9,1742,2069,3442,8,0.0,79.3,3,0.7,0.8,26.7,0.0,8.3,1356.0,47.0,-741.0,3735.0,11,0.85,2
168511,65.6,38.5,57.9,1282,2069,3442,8,0.0,79.3,3,0.9,0.8,26.7,0.0,8.3,1117.3,47.0,-1039.0,3735.0,11,0.85,2
170617,66.0,38.5,59.0,1282,2198,3442,8,55.9,79.3,3,1.1,0.8,34.1,0.0,8.3,932.0,47.0,-775.0,3735.0,11,0.85,2
172736,74.4,38.6,63.7,1934,2069,3442,8,74.3,79.3,3,0.6,0.6,42.1,0.0,8.3,1685.6,47.0,-1575.0,3735.0,11,0.85,2
174841,68.7,38.6,60.6,1421,2069,3442,8,0.0,79.3,3,1.0,0.7,32.1,0.0,8.3,1051.5,47.0,-968.0,3735.0,11,0.85,2
176900,69.8,38.6,59.8,2069,2069,3442,8,0.0,79.3,3,0.9,0.7,36.4,0.0,8.3,1138.7,47.0,-977.0,3735.0,11,0.85,2
178981,66.8,38.6,59.8,1406,2069,3442,8,0.0,79.3,3,0.9,0.7,33.6,0.0,8.3,1081.6,47.0,-917.0,3735.0,11,0.85,2
181062,65.2,38.6,58.7,1282,2069,3442,8,42.1,79.3,3,0.8,0.8,37.6,0.0,8.3,1295.4,47.0,-684.0,3735.0,11,0.85,2
183192,65.5,38.6,58.7,1325,2069,3442,8,43.1,79.2,3,0.9,0.8,40.0,0.0,8.3,1053.5,47.0,-844.0,3735.0,11,0.85,2
185330,69.1,38.7,59.4,2069,2069,3442,8,0.0,79.2,3,1.0,0.8,34.0,0.0,8.3,997.2,47.0,-1122.0,3725.0,11,0.85,2
187443,64.8,38.7,58.3,1454,2069,3442,8,0.0,79.2,3,0.8,0.8,45.0,0.0,8.3,1215.4,47.0,-769.0,3725.0,11,0.85,2
189621,64.5,38.7,58.3,1358,2069,3442,8,36.4,79.2,3,0.7,0.8,39.4,0.0,8.3,1454.0,47.0,-727.0,3725.0,11,0.85,2
191720,67.8,38.7,58.3,2069,2069,3442,8,35.1,79.2,3,0.9,0.8,32.6,0.0,8.3,1057.5,47.0,-731.0,3725.0,11,0.85,2
193833,64.1,38.7,57.9,1282,2069,3442,8,0.0,79.2,3,1.0,0.8,35.8,0.0,8.3,1040.0,47.0,-707.0,3725.0,11,0.85,2
195960,63.3,38.7,57.9,1294,2069,3442,8,0.0,79.2,3,0.9,0.8,33.9,0.0,8.3,1129.6,47.0,-614.0,3725.0,11,0.85,2
198027,62.9,38.7,57.1,1282,2069,3442,8,0.0,79.2,3,0.7,0.8,29.1,0.0,8.3,1404.7,47.0,-692.0,3725.0,11,0.85,2
200185,62.9,38.7,57.1,1421,2069,3442,8,36.4,79.2,3,0.8,0.8,32.0,0.0,8.3,1279.4,47.0,-736.0,3725.0,11,0.85,2
202250,62.5,38.7,56.7,1282,2069,3442,8,34.2,79.2,3,0.8,0.8,33.2,0.0,8.3,1229.1,47.0,-688.0,3725.0,11,0.85,2
204319,67.4,38.7,57.9,2069,2069,3442,8,39.7,79.2,3,1.0,0.8,28.1,0.0,8.3,988.2,47.0,-1115.0,3725.0,11,0.85,2
206404,64.1,38.7,57.5,1306,2069,3442,8,0.0,79.2,3,0.7,0.8,36.6,0.0,8.3,1352.7,47.0,-717.0,3725.0,11,0.85,2
208480,64.1,38.8,57.5,1282,2069,3442,8,0.0,79.2,3,1.0,0.8,31.7,0.0,8.3,1047.5,47.0,-683.0,3725.0,11,0.85,2
210587,66.8,38.8,57.9,1685,2069,3442,8,0.0,79.2,3,0.8,0.8,36.5,0.0,8.3,1181.7,47.0,-943.0,3725.0,11,0.85,2
212717,63.7,38.8,57.9,1332,2069,3442,8,36.3,79.2,3,0.9,0.8,30.9,0.0,8.3,1140.3,47.0,-738.0,3725.0,11,0.85,2
214856,63.7,38.8,57.5,1282,2069,3442,8,0.0,79.2,3,1.0,0.8,34.0,0.0,8.3,1013.6,47.0,-727.0,3725.0,11,0.85,2
216933,62.5,38.8,57.1,1282,2069,3442,8,38.3,79.2,3,0.7,0.8,35.0,0.0,8.3,1418.7,47.0,-717.0,3725.0,11,0.85,2
219031,62.5,38.8,56.7,1301,2069,3442,8,38.8,79.2,3,0.8,0.8,33.6,0.0,8.3,1254.8,47.0,-628.0,3725.0,11,0.85,2
221070,62.4,38.8,56.7,1282,2069,3442,8,0.0,79.2,3,0.8,0.8,30.1,0.0,8.3,1196.0,47.0,-716.0,3725.0,11,0.85,2
223136,64.5,38.8,57.1,1622,2069,3442,8,38.6,79.2,3,0.9,0.8,39.5,0.0,8.3,1085.3,47.0,-816.0,3725.0,11,0.85,2
225248,62.5,38.8,57.1,1306,2069,3442,8,28.2,79.2,3,0.8,0.8,37.6,0.0,8.3,1285.5,47.0,-676.0,3725.0,11,0.85,2
227322,63.3,38.9,56.7,1282,2069,3442,8,0.0,79.2,3,0.8,0.8,28.9,0.0,8.3,1215.4,47.0,-739.0,3725.0,11,0.85,2
229440,63.3,38.9,57.5,1282,2069,3442,8,0.0,79.2,3,0.9,0.8,31.3,0.0,8.3,1107.7,47.0,-752.0,3725.0,11,0.85,2
231549,67.4,38.9,57.5,2040,2069,3442,8,0.0,79.2,3,0.9,0.8,31.8,0.0,8.3,1055.5,47.0,-1334.0,3725.0,11,0.85,2
233659,64.1,38.9,57.5,1282,2069,3442,8,0.0,79.2,3,1.0,0.8,32.1,0.0,8.3,1045.5,47.0,-705.0,3725.0,11,0.85,2
235756,68.6,38.9,58.3,2069,2069,3442,8,0.0,79.2,3,1.0,0.8,36.0,0.0,8.3,1005.2,47.0,-1182.0,3725.0,11,0.85,2
237850,67.2,38.9,58.7,1598,2069,3442,8,0.0,79.2,3,1.0,0.8,30.5,0.0,8.3,967.1,47.0,-984.0,3725.0,11,0.85,2
239966,73.3,38.9,61.7,2069,2069,3442,8,51.1,79.2,3,0.6,0.8,82.3,0.0,8.3,1543.3,47.0,-1681.0,3725.0,11,0.85,2
242106,70.9,38.9,62.1,1656,2069,3442,8,0.0,79.2,3,0.9,0.7,41.4,0.0,8.3,1070.5,47.0,-1228.0,3725.0,11,0.85,2
244221,69.5,39.0,61.7,1382,2069,3442,8,53.2,79.2,3,0.9,0.7,76.3,0.0,8.3,1126.9,47.0,-939.0,3706.0,11,0.85,2
246287,67.5,39.0,60.6,1421,2069,3442,8,36.1,79.1,3,1.0,0.7,40.9,0.0,8.3,991.5,47.0,-813.0,3706.0,11,0.85,2
248342,65.2,39.0,59.4,1346,2069,3442,8,0.0,79.1,3,1.0,0.8,37.7,0.0,8.3,1037.0,47.0,-772.0,3706.0,11,0.85,2
250450,65.2,39.0,58.7,1495,2069,3442,8,38.0,79.1,3,0.7,0.8,40.0,0.0,8.3,1479.3,47.0,-886.0,3706.0,11,0.85,2
252549,66.8,39.0,58.3,1771,2069,3442,8,0.0,79.1,3,0.9,0.8,35.7,0.0,8.3,1066.0,47.0,-880.0,3706.0,11,0.85,2
254637,64.8,39.0,58.3,1282,2069,3442,8,0.0,79.1,3,1.0,0.8,42.3,0.0,8.3,1042.0,47.0,-837.0,3706.0,11,0.85,2
256767,65.2,39.0,58.3,1550,2069,3442,8,0.0,79.0,3,0.8,0.8,32.6,0.0,8.3,1207.4,47.0,-792.0,3706.0,11,0.85,2
258884,64.1,39.0,58.3,1282,2069,3442,8,0.0,79.0,3,0.6,0.8,34.0,0.0,8.3,1546.2,47.0,-749.0,3706.0,11,0.85,2
261017,64.8,39.0,58.3,1406,2069,3442,8,0.0,79.0,3,0.9,0.8,34.5,0.0,8.3,1121.1,47.0,-718.0,3706.0,11,0.85,2
263080,65.6,39.1,58.3,1438,2069,3442,8,0.0,79.0,3,0.9,0.8,47.5,0.0,8.3,1073.0,47.0,-778.0,3706.0,11,0.85,2
265152,73.3,39.1,59.0,2069,2069,3442,8,35.7,79.0,3,1.1,0.8,32.7,0.0,8.3,903.1,47.0,-1044.0,3706.0,11,0.85,2
267196,67.2,39.1,59.0,1978,2069,3442,8,0.0,79.0,3,1.1,0.8,52.0,0.0,8.3,926.7,47.0,-932.0,3706.0,11,0.85,2
269318,63.7,39.1,57.9,1294,2069,3442,8,40.8,79.0,3,0.7,0.8,42.8,0.0,8.3,1477.8,47.0,-741.0,3706.0,11,0.85,2
271484,67.5,39.1,58.7,1742,2069,3442,8,0.0,79.0,3,0.9,0.8,47.3,0.0,8.3,1082.0,47.0,-1023.0,3706.0,11,0.85,2
273547,67.2,39.1,58.7,1656,2069,3442,8,0.0,79.0,3,1.0,0.8,25.2,0.0,8.3,1012.2,47.0,-847.0,3706.0,11,0.85,2
275660,68.6,39.1,59.0,2069,2069,3442,8,0.0,79.0,3,1.0,0.8,37.4,0.0,8.3,975.1,47.0,-907.0,3706.0,11,0.85,2
277720,66.0,39.1,59.0,1351,2069,3442,8,0.0,79.0,3,0.9,0.8,30.2,0.0,8.3,1118.4,47.0,-1046.0,3706.0,11,0.85,2
279835,64.1,39.1,58.7,1282,2069,3442,8,40.5,79.0,3,0.8,0.8,33.9,0.0,8.3,1273.2,47.0,-849.0,3706.0,11,0.85,2
281872,67.5,39.1,58.7,2069,2069,3442,8,0.0,78.9,3,1.0,0.8,31.7,0.0,8.3,1042.5,47.0,-1239.0,3706.0,11,0.85,2
283960,69.0,39.2,59.0,2069,2069,3442,8,0.0,78.9,3,1.0,0.8,45.6,0.0,8.3,1019.0,47.0,-1142.0,3706.0,11,0.85,2
286081,66.0,39.1,59.0,1366,2069,3442,8,0.0,78.9,3,1.0,0.8,40.1,0.0,8.3,982.6,47.0,-833.0,3706.0,11,0.85,2
288193,70.2,39.2,59.8,2069,2069,3442,8,0.0,78.9,3,0.8,0.8,35.8,0.0,8.3,1232.0,47.0,-1299.0,3706.0,11,0.85,2
290294,66.8,39.2,59.0,1771,2069,3442,8,0.0,78.9,3,1.0,0.8,34.8,0.0,8.3,1050.5,47.0,-898.0,3706.0,11,0.85,2
292442,69.1,39.2,60.2,1334,2069,3442,8,39.6,78.9,3,1.1,0.8,32.8,0.0,8.3,882.9,47.0,-1150.0,3706.0,11,0.85,2
294565,66.4,39.2,59.8,1370,2069,3442,8,38.1,78.9,3,0.9,0.8,26.1,0.0,8.3,1082.0,47.0,-803.0,3706.0,11,0.85,2
296645,77.9,39.2,62.5,2069,2069,3442,8,35.6,78.9,3,1.1,0.8,34.6,0.0,8.3,933.8,47.0,-1516.0,3706.0,11,0.85,2
298724,69.9,39.2,61.4,1426,2069,3442,8,0.0,78.9,3,1.1,0.8,29.8,0.0,8.3,920.4,47.0,-954.0,3706.0,11,0.85,2
300783,71.0,39.2,61.7,1771,2069,3442,8,0.0,78.9,3,1.1,0.8,40.9,0.0,8.3,935.1,47.0,-1061.0,3706.0,11,0.85,2
302890,74.8,39.2,62.1,2069,2069,3442,8,0.0,78.9,3,1.0,0.8,44.4,0.0,8.3,963.8,47.0,-1364.0,3706.0,11,0.85,2
305003,68.3,39.2,61.0,1483,2069,3442,8,0.0,78.9,3,1.1,0.8,31.4,0.0,8.3,889.7,47.0,-836.0,3704.0,11,0.85,2
307054,71.4,39.2,61.4,2069,2069,3442,8,0.0,78.8,3,1.0,0.8,32.6,0.0,8.3,990.6,47.0,-1236.0,3704.0,11,0.85,2
309167,66.4,39.3,59.4,1306,2069,3442,8,0.0,78.8,3,0.9,0.8,32.4,0.0,8.3,1162.9,47.0,-755.0,3704.0,11,0.85,2
311272,65.6,39.3,59.4,1594,2069,3442,8,0.0,78.8,3,1.0,0.8,34.2,0.0,8.3,1002.8,47.0,-780.0,3704.0,11,0.85,2
313388,70.6,39.3,60.6,2069,2069,3442,8,0.0,78.8,3,1.1,0.8,61.0,0.0,8.3,952.0,47.0,-1299.0,3704.0,11,0.85,2
315460,67.2,39.3,59.8,1690,2069,3442,8,42.2,78.8,3,0.9,0.8,34.2,0.0,8.3,1110.4,47.0,-803.0,3704.0,11,0.85,2
317544,68.7,39.3,59.8,1325,2069,3442,8,0.0,78.8,3,1.2,0.8,31.2,0.0,8.3,823.2,47.0,-1122.0,3704.0,11,0.85,2
319652,70.2,39.3,61.0,1598,2069,3442,8,0.0,78.8,3,1.1,0.8,39.6,0.0,8.3,929.8,47.0,-1054.0,3704.0,11,0.85,2
321867,68.7,39.3,60.2,1685,2198,3442,8,0.0,78.8,3,0.9,0.8,38.2,0.0,8.3,1109.5,47.0,-1070.0,3704.0,11,0.85,2
323968,71.8,39.3,63.7,1282,3442,3442,8,0.0,78.7,3,1.0,0.8,30.3,0.0,8.3,1050.5,47.0,-1311.0,3704.0,11,0.85,2
326135,67.5,39.3,61.4,1306,3442,3442,8,0.0,78.7,3,1.0,0.8,46.7,0.0,8.3,995.3,47.0,-874.0,3704.0,11,0.85,2
328291,68.3,39.3,61.4,1306,2069,3442,8,25.1,78.7,3,0.9,0.8,35.4,0.0,8.3,1094.5,47.0,-1359.0,3704.0,11,0.85,2
330410,65.2,39.3,59.8,1282,2198,3442,8,39.2,78.7,3,0.9,0.8,51.6,0.0,8.3,1139.7,47.0,-679.0,3704.0,11,0.85,2
332492,70.5,39.3,59.4,2198,2198,3442,8,0.0,78.7,3,0.9,0.8,55.0,0.0,8.3,1059.5,47.0,-1143.0,3704.0,11,0.85,2
334595,72.5,39.4,59.8,2198,2198,3442,8,0.0,78.7,3,1.5,0.8,36.9,0.0,8.3,661.8,47.0,-1251.0,3704.0,11,0.85,2
336688,76.4,39.4,61.0,2069,2069,3442,8,0.0,78.7,3,1.2,0.8,47.9,0.0,8.3,803.4,47.0,-1162.0,3704.0,11,0.85,2
338726,71.0,39.4,61.4,2040,2069,3442,8,0.0,78.7,3,1.0,0.8,336.4,0.0,8.3,979.3,47.0,-1118.0,3704.0,11,0.85,2
340787,69.5,39.4,61.0,2069,2069,3442,8,0.0,78.6,3,1.1,0.8,42.2,0.0,8.3,901.3,47.0,-1045.0,3704.0,11,0.85,2
342886,69.1,39.4,60.6,2069,2069,3442,8,0.0,78.6,3,1.4,0.8,31.9,0.0,8.3,691.7,47.0,-1059.0,3704.0,11,0.85,2
344943,71.3,39.4,60.2,2198,2198,3442,8,0.0,78.6,3,1.4,0.8,37.8,0.0,8.3,725.6,47.0,-914.0,3704.0,11,0.85,2
346988,72.5,39.4,61.4,2069,2069,3442,8,0.0,78.6,3,1.2,0.8,38.9,0.0,8.3,869.5,47.0,-1094.0,3704.0,11,0.85,2
349025,69.9,39.4,60.6,2069,2069,3442,8,0.0,78.6,3,1.2,0.8,45.1,0.0,8.3,818.4,47.0,-972.0,3704.0,11,0.85,2
351084,69.1,39.5,59.8,2069,2069,3442,8,0.0,78.6,3,1.0,0.7,34.0,0.0,8.3,952.9,47.0,-510.0,3704.0,11,0.85,2
353168,65.6,39.5,59.8,1282,2069,3442,8,24.4,78.6,3,1.0,0.7,43.9,0.0,8.3,1030.5,47.0,-922.0,3704.0,11,0.85,2
355272,63.3,39.5,58.7,1306,2069,3442,8,24.6,78.6,3,0.8,0.8,42.3,0.0,8.3,1212.6,47.0,-586.0,3704.0,11,0.85,2
357352,64.5,39.5,57.9,1282,2069,3442,8,24.6,78.5,3,0.8,0.8,42.9,0.0,8.3,1178.9,47.0,-729.0,3704.0,11,0.85,2
359444,62.5,39.5,57.5,1253,2069,3442,8,25.0,78.5,3,1.0,0.8,28.3,0.0,8.3,1043.5,47.0,-690.0,3704.0,11,0.85,2
361523,61.7,39.5,57.5,1306,2069,3442,8,24.9,78.5,3,0.8,0.8,56.8,0.0,8.3,1194.3,47.0,-507.0,3704.0,11,0.85,2
363601,61.7,39.5,56.7,1306,2069,3442,8,0.0,78.5,3,1.0,0.8,35.2,0.0,8.3,996.7,47.0,-476.0,3704.0,11,0.85,2
365704,61.4,39.5,56.3,1282,2069,3442,8,0.0,78.5,3,0.9,0.8,35.9,0.0,8.3,1174.9,47.0,-905.0,3714.0,11,0.85,2
367829,62.1,39.5,57.1,1294,2069,3442,8,39.3,78.5,3,0.8,0.8,31.3,0.0,8.3,1280.0,47.0,-676.0,3714.0,11,0.85,2
369935,63.7,39.5,57.1,1325,2069,3442,8,0.0,78.6,3,0.9,0.8,28.8,0.0,8.3,1074.5,47.0,-789.0,3714.0,11,0.85,2
372028,61.7,39.5,56.7,1282,2069,3442,8,0.0,78.6,3,0.8,0.8,29.6,0.0,8.3,1291.7,47.0,-572.0,3714.0,11,0.85,2
374135,62.1,39.5,56.7,1409,2069,3442,8,37.2,78.6,3,0.9,0.8,28.6,0.0,8.3,1122.1,47.0,-652.0,3714.0,11,0.85,2
376197,61.4,39.5,56.7,1294,2069,3442,8,0.0,78.6,3,0.9,0.8,36.3,0.0,8.3,1124.8,47.0,-738.0,3714.0,11,0.85,2
378247,61.4,39.5,56.7,1282,2069,3442,8,34.9,78.6,3,1.0,0.8,34.9,0.0,8.3,1021.5,47.0,-728.0,3714.0,11,0.85,2
380312,61.0,39.5,56.3,1282,2069,3442,8,25.8,78.6,3,0.8,0.8,32.6,0.0,8.3,1255.4,47.0,-583.0,3714.0,11,0.85,2
382407,61.7,39.6,56.3,1306,2069,3442,8,33.7,78.7,3,0.9,0.8,40.0,0.0,8.3,1104.5,47.0,-754.0,3714.0,11,0.85,2
384459,62.1,39.6,56.7,1308,2069,3442,8,33.6,78.7,3,1.0,0.8,43.6,0.0,8.3,992.5,47.0,-633.0,3714.0,11,0.85,2
386494,61.0,39.6,56.0,1282,2069,3442,8,0.0,78.7,3,0.7,0.8,42.6,0.0,8.3,1357.3,47.0,-545.0,3714.0,11,0.85,2
388564,61.7,39.6,56.3,1282,2069,3442,8,27.2,78.7,3,0.8,0.8,46.0,0.0,8.3,1257.8,47.0,-674.0,3714.0,11,0.85,2
390704,61.4,39.6,56.3,1306,2069,3442,8,0.0,78.7,3,1.0,0.8,36.6,0.0,8.3,1034.0,47.0,-619.0,3714.0,11,0.85,2
392770,62.1,39.6,56.7,1282,2069,3442,8,0.0,78.8,3,0.8,0.8,66.1,0.0,8.3,1233.1,47.0,-775.0,3714.0,11,0.85,2
394812,63.7,39.6,56.7,2069,2069,3442,8,0.0,78.8,3,0.9,0.8,37.7,0.0,8.3,1096.0,47.0,-829.0,3714.0,11,0.85,2
396875,63.3,39.6,56.7,1325,2069,3442,8,0.0,78.8,3,0.9,0.8,43.9,0.0,8.3,1080.0,47.0,-780.0,3714.0,11,0.85,2
398964,62.5,39.6,56.7,1282,2069,3442,8,0.0,78.8,3,0.8,0.8,30.1,0.0,8.3,1273.8,47.0,-704.0,3714.0,11,0.85,2
401051,61.4,39.6,56.3,1294,2069,3442,8,0.0,78.8,3,0.9,0.8,36.7,0.0,8.3,1054.0,47.0,-714.0,3714.0,11,0.85,2
403148,60.2,39.6,55.6,1306,2069,3442,8,22.2,78.8,3,0.8,0.8,39.5,0.0,8.3,1280.0,47.0,-539.0,3714.0,11,0.85,2
405236,60.2,39.6,55.6,1282,2069,3442,8,22.6,78.9,3,1.0,0.8,38.0,0.0,8.3,1044.0,47.0,-501.0,3714.0,11,0.85,2
407328,59.8,39.6,55.2,1282,2069,3442,8,22.6,78.9,3,0.8,0.8,36.7,0.0,8.3,1189.1,47.0,-679.0,3714.0,11,0.85,2
409438,60.2,39.6,55.2,1253,2069,3442,8,22.8,78.9,3,0.8,0.8,40.9,0.0,8.3,1200.6,47.0,-493.0,3714.0,11,0.85,2
411556,60.2,39.6,55.2,1294,2069,3442,8,0.0,78.9,3,0.9,0.8,34.7,0.0,8.3,1063.0,47.0,-526.0,3714.0,11,0.85,2
413661,59.8,39.6,54.8,1066,2069,3442,8,22.7,78.9,3,0.9,0.8,27.2,0.0,8.3,1059.5,47.0,-496.0,3714.0,11,0.85,2
415731,61.0,39.6,55.2,1536,2069,3442,8,0.0,79.0,3,0.9,0.8,30.4,0.0,8.3,1118.4,47.0,-571.0,3714.0,11,0.85,2
417846,60.2,39.6,55.6,1282,2069,3442,8,0.0,79.0,3,0.8,0.8,40.5,0.0,8.3,1275.1,47.0,-669.0,3714.0,11,0.85,2
419897,60.6,39.5,55.6,1306,2069,3442,8,33.4,79.0,3,0.9,0.8,40.3,0.0,8.3,1056.0,47.0,-544.0,3714.0,11,0.85,2
422000,61.0,39.5,55.6,1282,2069,3442,8,0.0,79.0,3,0.7,0.8,49.8,0.0,8.3,1482.2,47.0,-835.0,3714.0,11,0.85,2
424118,60.6,39.5,55.6,1294,2069,3442,8,0.0,79.0,3,0.9,0.8,68.2,0.0,8.3,1124.8,47.0,-612.0,3712.0,11,0.85,2
426175,60.6,39.5,55.6,1253,2069,3442,8,0.0,79.0,3,0.9,0.8,35.4,0.0,8.3,1135.5,47.0,-650.0,3712.0,11,0.85,2
428325,61.0,39.5,55.6,1306,2069,3442,8,38.7,79.1,3,0.8,0.8,35.8,0.0,8.3,1272.0,47.0,-571.0,3712.0,11,0.85,2
430431,60.6,39.5,55.6,1306,2069,3442,8,38.7,79.1,3,0.8,0.8,55.9,0.0,8.3,1221.1,47.0,-634.0,3712.0,11,0.85,2
432511,60.2,39.5,55.6,1294,2069,3442,8,0.0,79.1,3,0.8,0.8,37.3,0.0,8.3,1188.6,47.0,-596.0,3712.0,11,0.85,2
434581,60.2,39.5,55.2,1294,2069,3442,8,0.0,79.1,3,1.0,0.8,27.9,0.0,8.3,1052.0,47.0,-636.0,3712.0,11,0.85,2
436693,60.2,39.5,55.2,1294,2069,3442,8,0.0,79.1,3,0.7,0.8,47.5,0.0,8.3,1384.0,47.0,-655.0,3712.0,11,0.85,2
438734,62.1,39.5,55.6,2011,2069,3442,8,33.4,79.1,3,0.9,0.8,26.2,0.0,8.3,1114.1,47.0,-811.0,3712.0,11,0.85,2
440813,60.2,39.5,55.6,1306,2069,3442,8,0.0,79.1,3,1.0,0.8,48.4,0.0,8.3,961.4,47.0,-589.0,3712.0,11,0.85,2
442896,60.5,39.5,55.6,1306,2069,3442,8,0.0,79.1,3,0.8,0.8,36.1,0.0,8.3,1286.2,47.0,-691.0,3712.0,11,0.85,2
444975,60.6,39.5,55.6,1294,2069,3442,8,38.9,79.1,3,0.8,0.8,31.9,0.0,8.3,1286.2,47.0,-706.0,3712.0,11,0.85,2
447036,60.2,39.5,55.2,1306,2069,3442,8,43.0,79.1,3,0.9,0.8,35.4,0.0,8.3,1100.8,47.0,-563.0,3712.0,11,0.85,2
449151,60.6,39.6,56.0,1282,2069,3442,8,0.0,79.1,3,0.8,0.8,32.6,0.0,8.3,1276.9,47.0,-666.0,3712.0,11,0.85,2
451239,61.0,39.6,55.6,1282,2069,3442,8,0.0,79.1,3,0.9,0.8,38.9,0.0,8.3,1131.2,47.0,-607.0,3712.0,11,0.85,2
453299,60.6,39.6,55.6,1282,2069,3442,8,0.0,79.1,3,0.8,0.8,33.2,0.0,8.3,1278.8,47.0,-679.0,3712.0,11,0.85,2
455389,61.0,39.6,56.0,1282,2069,3442,8,51.0,79.1,3,0.9,0.8,31.4,0.0,8.3,1165.7,47.0,-645.0,3712.0,11,0.85,2
457442,62.9,39.6,56.0,2069,2069,3442,8,33.0,79.1,3,1.0,0.8,43.2,0.0,8.3,1052.0,47.0,-813.0,3712.0,11,0.85,2
459527,60.6,39.6,55.6,1282,2069,3442,8,0.0,79.1,3,0.9,0.8,39.6,0.0,8.3,1169.1,47.0,-661.0,3712.0,11,0.85,2
461605,60.2,39.6,55.2,1282,2069,3442,8,0.0,79.1,3,0.9,0.8,38.0,0.0,8.3,1116.3,47.0,-574.0,3712.0,11,0.85,2
463652,60.6,39.6,55.2,1306,2069,3442,8,28.8,79.1,3,0.9,0.8,28.1,0.0,8.3,1110.9,47.0,-552.0,3712.0,11,0.85,2
465786,60.2,39.6,54.8,1294,2069,3442,8,0.0,79.1,3,0.9,0.8,28.8,0.0,8.3,1163.4,47.0,-561.0,3712.0,11,0.85,2
467911,60.6,39.6,55.2,1306,2069,3442,8,49.9,79.1,3,0.8,0.8,41.0,0.0,8.3,1328.6,47.0,-607.0,3712.0,11,0.85,2
469930,64.0,39.6,56.0,2069,2069,3442,8,39.3,79.1,3,1.1,0.8,29.4,0.0,8.3,879.6,47.0,-940.0,3712.0,11,0.85,2
471988,61.4,39.6,56.0,1294,2069,3442,8,0.0,79.1,3,0.8,0.8,39.1,0.0,8.3,1248.0,47.0,-710.0,3712.0,11,0.85,2
474092,61.0,39.6,56.0,1306,2069,3442,8,49.5,79.1,3,0.8,0.8,35.4,0.0,8.3,1186.3,47.0,-659.0,3712.0,11,0.85,2
476147,61.0,39.6,55.6,1253,2069,3442,8,39.5,79.1,3,0.7,0.8,39.6,0.0,8.3,1392.0,47.0,-603.0,3712.0,11,0.85,2
478196,60.2,39.6,55.6,1294,2069,3442,8,37.1,79.2,3,0.9,0.8,35.1,0.0,8.3,1172.6,47.0,-621.0,3712.0,11,0.85,2
480316,60.6,39.6,55.6,1294,2069,3442,8,0.0,79.2,3,0.9,0.8,41.6,0.0,8.3,1107.2,47.0,-688.0,3712.0,11,0.85,2
482408,60.2,39.6,55.6,1306,2069,3442,8,0.0,79.2,3,0.8,0.8,37.7,0.0,8.3,1209.1,47.0,-606.0,3712.0,11,0.85,2
484521,60.6,39.6,55.6,1282,2069,3442,8,0.0,79.2,3,0.8,0.8,34.1,0.0,8.3,1193.1,47.0,-597.0,3710.0,11,0.85,2
486624,60.6,39.6,55.6,1282,2069,3442,8,48.1,79.2,3,0.8,0.8,35.4,0.0,8.3,1204.6,47.0,-659.0,3710.0,11,0.85,2
488705,61.7,39.6,55.6,1378,2069,3442,8,0.0,79.2,3,0.9,0.8,39.1,0.0,8.3,1116.8,47.0,-619.0,3710.0,11,0.85,2
490765,60.8,39.6,55.6,1282,2069,3442,8,0.0,79.2,3,0.8,0.8,31.2,0.0,8.3,1194.3,47.0,-685.0,3710.0,11,0.85,2
492893,61.0,39.6,56.0,1306,2069,3442,8,42.2,79.2,3,0.8,0.8,29.3,0.0,8.3,1186.3,47.0,-621.0,3710.0,11,0.85,2
494972,61.4,39.6,55.6,1344,2069,3442,8,42.3,79.2,3,0.8,0.8,54.9,0.0,8.3,1299.7,47.0,-701.0,3710.0,11,0.85,2
497028,60.6,39.6,56.0,1282,2069,3442,8,0.0,79.2,3,1.0,0.8,42.4,0.0,8.3,1041.5,47.0,-748.0,3710.0,11,0.85,2
499113,60.5,39.6,55.6,1294,2069,3442,8,0.0,79.2,3,0.8,0.8,35.1,0.0,8.3,1254.8,47.0,-585.0,3710.0,11,0.85,2
501167,61.0,39.6,56.0,1282,2069,3442,8,0.0,79.2,3,1.0,0.8,35.0,0.0,8.3,987.3,47.0,-599.0,3710.0,11,0.85,2
503260,60.2,39.6,55.6,1306,2069,3442,8,0.0,79.2,3,0.8,0.8,41.2,0.0,8.3,1262.8,47.0,-573.0,3710.0,11,0.85,2
505352,68.6,39.6,59.0,2069,2069,3442,8,0.0,79.2,3,0.8,0.8,28.5,0.0,8.3,1287.4,47.0,-1332.0,3710.0,11,0.85,2
507447,65.6,39.6,59.0,1680,2069,3442,8,71.4,79.2,3,0.9,0.8,36.0,0.0,8.3,1107.2,47.0,-1039.0,3710.0,11,0.85,2
509516,72.9,39.6,61.7,2011,2011,3442,8,13.0,79.2,3,1.2,3.7,39.2,0.0,8.3,803.0,47.0,-1252.0,3710.0,11,0.85,2
511540,70.2,39.6,59.4,2011,2011,3442,8,6.5,79.2,3,1.6,7.2,25.5,0.0,8.3,610.4,47.0,-948.0,3710.0,11,0.85,2
513556,67.2,39.6,58.3,2011,2011,3442,8,0.0,79.2,3,1.6,8.5,32.7,0.0,8.3,620.0,47.0,-752.0,3710.0,11,0.85,2
515574,65.2,39.6,58.3,1630,2011,3442,8,0.0,79.1,3,1.5,9.2,74.1,0.0,8.3,671.3,47.0,-673.0,3710.0,11,0.85,2
517613,65.2,39.6,57.1,2011,2011,3442,8,0.0,79.1,3,1.4,8.0,27.8,0.0,8.3,701.9,47.0,-631.0,3710.0,11,0.85,2
299,66.7,39.5,56.3,2011,2011,3442,8,0.0,79.1,3,120.0,0.0,37.7,0.0,8.3,8.3,47.0,-746.0,3710.0,0,0.00,0
2298,64.8,39.5,56.7,2011,2011,3442,8,0.0,79.1,3,1.4,7.9,68.8,0.0,8.3,692.7,47.0,-480.0,3710.0,11,0.85,2
4453,64.8,39.5,56.7,1886,2011,3442,8,14.3,79.1,3,1.8,7.7,72.1,0.0,8.3,557.2,47.0,-634.0,3710.0,11,0.85,2
6675,82.6,39.5,59.4,1810,1810,3442,8,0.0,79.1,3,1.3,7.5,38.9,0.0,8.3,750.6,47.0,-2325.0,3710.0,11,0.85,2
8702,70.6,39.5,60.6,1766,3442,3442,8,0.0,79.1,3,1.1,7.5,50.0,0.0,8.3,936.8,47.0,-995.0,3710.0,11,0.85,2
10766,65.6,39.5,58.7,1440,3442,3442,8,0.0,79.1,3,1.0,7.5,49.0,0.0,8.3,964.7,47.0,-710.0,3710.0,11,0.85,2
12856,64.1,39.5,58.3,1368,3442,3442,8,0.0,79.1,3,1.0,5.4,39.4,0.0,8.3,965.2,47.0,-674.0,3710.0,11,0.85,2
14935,63.7,39.5,57.1,1469,3442,3442,8,36.2,79.1,3,0.9,3.9,38.4,0.0,8.3,1135.5,47.0,-742.0,3710.0,11,0.85,2
17021,63.7,39.4,57.5,1469,3442,3442,8,37.4,79.0,3,1.0,2.8,42.0,0.0,8.3,1030.0,47.0,-783.0,3710.0,11,0.85,2
19103,62.9,39.5,57.5,1428,3442,3442,8,0.0,79.0,3,1.0,1.7,42.0,0.0,8.3,1034.5,47.0,-701.0,3710.0,11,0.85,2
21241,61.7,39.4,56.7,1217,3442,3442,8,37.9,79.0,3,1.0,1.2,40.6,0.0,8.3,1045.5,47.0,-621.0,3710.0,11,0.85,2
23400,62.1,39.4,56.7,1296,3442,3442,8,37.1,79.0,3,0.8,1.1,39.2,0.0,8.3,1224.0,47.0,-687.0,3703.0,11,0.85,2
25480,62.1,39.4,56.3,1368,3442,3442,8,0.0,79.0,3,0.9,0.9,42.1,0.0,8.3,1069.0,47.0,-607.0,3703.0,11,0.85,2
27518,61.7,39.4,56.3,1368,3442,3442,8,0.0,79.0,3,1.0,0.9,30.5,0.0,8.3,1044.0,47.0,-659.0,3703.0,11,0.85,2
29598,62.1,39.4,56.3,1368,3442,3442,8,37.3,79.1,3,1.0,0.8,33.7,0.0,8.3,1016.5,47.0,-585.0,3703.0,11,0.85,2
31692,62.1,39.4,56.7,1368,3442,3442,8,0.0,79.1,3,1.0,0.8,38.3,0.0,8.3,1044.5,47.0,-733.0,3703.0,11,0.85,2
33723,62.5,39.4,56.3,1565,3442,3442,8,35.6,79.1,3,1.0,0.8,38.2,0.0,8.3,982.6,47.0,-782.0,3703.0,11,0.85,2
35814,61.7,39.4,56.3,1368,3442,3442,8,0.0,79.1,3,0.9,0.8,40.2,0.0,8.3,1156.6,47.0,-723.0,3703.0,11,0.85,2
37935,61.0,39.4,56.3,1217,3442,3442,8,0.0,79.1,3,0.9,0.8,37.0,0.0,8.3,1059.0,47.0,-628.0,3703.0,11,0.85,2
40027,61.4,39.4,56.0,1382,3442,3442,8,36.6,79.1,3,0.9,0.8,59.8,0.0,8.3,1127.5,47.0,-654.0,3703.0,11,0.85,2
42135,61.4,39.4,56.3,1267,3442,3442,8,37.2,79.1,3,1.0,0.8,56.1,0.0,8.3,1038.5,47.0,-650.0,3703.0,11,0.85,2
44174,61.4,39.4,56.3,1066,3442,3442,8,0.0,79.1,3,0.9,0.8,47.8,0.0,8.3,1054.5,47.0,-712.0,3703.0,11,0.85,2
46279,61.4,39.4,56.3,1368,3442,3442,8,0.0,79.1,3,0.9,0.8,27.0,0.0,8.3,1173.7,47.0,-591.0,3703.0,11,0.85,2
48330,60.6,39.5,55.6,1368,3442,3442,8,0.0,79.1,3,1.0,0.8,74.9,0.0,8.3,991.1,47.0,-544.0,3703.0,11,0.85,2
50439,60.2,39.4,55.6,1246,3442,3442,8,32.4,79.1,3,0.8,0.8,31.8,0.0,8.3,1272.6,47.0,-485.0,3703.0,11,0.85,2
52556,59.8,39.5,55.6,1217,3442,3442,8,31.8,79.1,3,1.0,0.8,37.3,0.0,8.3,1045.0,47.0,-506.0,3703.0,11,0.85,2
54680,60.6,39.4,55.2,1457,3442,3442,8,0.0,79.2,3,0.9,0.8,36.8,0.0,8.3,1070.5,47.0,-601.0,3703.0,11,0.85,2
56805,60.2,39.5,55.6,1318,3442,3442,8,0.0,79.2,3,0.8,0.8,49.9,0.0,8.3,1296.6,47.0,-507.0,3703.0,11,0.85,2
58917,60.6,39.5,55.2,1382,3442,3442,8,0.0,79.2,3,0.9,0.8,34.5,0.0,8.3,1064.0,47.0,-606.0,3703.0,11,0.85,2
61017,60.6,39.5,55.6,1397,3442,3442,8,32.0,79.2,3,1.1,0.8,35.0,0.0,8.3,926.2,47.0,-628.0,3703.0,11,0.85,2
63197,61.4,39.5,56.0,1493,3442,3442,8,0.0,79.2,3,1.0,0.8,41.5,0.0,8.3,1000.0,47.0,-658.0,3703.0,11,0.85,2
65297,64.1,39.5,56.7,1582,3442,3442,8,39.5,79.2,3,1.3,0.8,30.6,0.0,8.3,792.4,47.0,-837.0,3703.0,11,0.85,2
67369,63.3,39.5,56.7,1481,3442,3442,8,36.2,79.2,3,1.0,0.8,40.2,0.0,8.3,1048.5,47.0,-808.0,3703.0,11,0.85,2
69492,62.9,39.5,56.7,1469,3442,3442,8,36.5,79.2,3,0.9,0.8,54.6,0.0,8.3,1111.5,47.0,-758.0,3703.0,11,0.85,2
71588,62.1,39.5,56.3,1166,3442,3442,8,36.1,79.2,3,1.1,0.8,45.2,0.0,8.3,877.1,47.0,-693.0,3703.0,11,0.85,2
73640,62.1,39.5,56.0,1368,3442,3442,8,0.0,79.2,3,0.9,0.8,41.3,0.0,8.3,1132.8,47.0,-680.0,3703.0,11,0.85,2
75682,61.0,39.5,56.3,1267,3442,3442,8,37.3,79.2,3,1.0,0.8,32.7,0.0,8.3,1013.0,47.0,-600.0,3703.0,11,0.85,2
77784,61.7,39.5,56.0,1382,3442,3442,8,0.0,79.2,3,0.8,0.8,52.3,0.0,8.3,1273.8,47.0,-646.0,3703.0,11,0.85,2
79899,61.4,39.5,56.0,1382,3442,3442,8,0.0,79.2,3,1.0,0.8,43.7,0.0,8.3,988.2,47.0,-604.0,3703.0,11,0.85,2
81961,61.4,39.5,56.0,1368,3442,3442,8,37.7,79.2,3,0.9,0.8,78.7,0.0,8.3,1124.3,47.0,-618.0,3703.0,11,0.85,2
84067,61.7,39.5,56.3,1368,3442,3442,8,0.0,79.2,3,1.0,0.8,45.2,0.0,8.3,975.5,47.0,-682.0,3702.0,11,0.85,2
86156,62.9,39.5,56.3,1565,3442,3442,8,0.0,79.2,3,1.0,0.8,41.1,0.0,8.3,987.8,47.0,-672.0,3702.0,11,0.85,2
88260,62.5,39.5,56.7,1469,3442,3442,8,34.9,79.2,3,1.0,0.8,30.7,0.0,8.3,985.4,47.0,-1068.0,3702.0,11,0.85,2
90385,63.3,39.5,56.7,1598,3442,3442,8,34.6,79.2,3,1.1,0.8,49.3,0.0,8.3,945.3,47.0,-764.0,3702.0,11,0.85,2
92471,63.3,39.6,56.7,1598,3442,3442,8,32.7,79.2,3,1.0,0.8,34.0,0.0,8.3,982.1,47.0,-726.0,3702.0,11,0.85,2
94524,64.8,39.6,56.7,1565,3442,3442,8,36.3,79.2,3,1.0,0.8,33.3,0.0,8.3,980.7,47.0,-837.0,3702.0,11,0.85,2
96574,65.2,39.6,57.5,1598,3442,3442,8,35.5,79.2,3,1.2,0.8,34.4,0.0,8.3,867.8,47.0,-932.0,3702.0,11,0.85,2
98606,64.5,39.6,57.1,1565,3442,3442,8,35.4,79.2,3,0.9,0.8,36.2,0.0,8.3,1088.0,47.0,-858.0,3702.0,11,0.85,2
100697,63.7,39.5,57.5,1469,3442,3442,8,0.0,79.2,3,1.1,0.8,32.8,0.0,8.3,901.8,47.0,-743.0,3702.0,11,0.85,2
102754,64.1,39.6,56.7,1565,3442,3442,8,0.0,79.2,3,0.9,0.8,42.5,0.0,8.3,1059.0,47.0,-769.0,3702.0,11,0.85,2
104802,98.9,39.6,62.9,3442,3442,3442,8,0.0,79.2,3,1.7,0.8,34.6,0.0,8.3,580.6,47.0,-3388.0,3702.0,11,0.85,2
106868,104.7,39.6,69.5,3264,3264,3442,8,0.0,79.1,3,2.0,0.8,40.3,0.0,8.3,499.4,47.0,-3049.0,3702.0,11,0.85,2
108959,74.5,39.6,65.2,1368,3442,3442,8,0.0,79.1,3,1.1,0.7,97.4,0.0,8.3,913.3,47.0,-709.0,3702.0,11,0.85,2
111013,83.7,39.5,63.7,2990,2990,3442,8,0.0,79.1,3,1.4,0.8,38.0,0.0,8.3,700.0,47.0,-1495.0,3702.0,11,0.85,2
113067,87.2,39.5,65.6,2990,2990,3442,8,37.6,79.0,3,2.1,0.8,45.5,0.0,8.3,480.9,47.0,-1447.0,3702.0,11,0.85,2
115137,71.8,39.5,63.3,1368,3442,3442,8,37.0,79.0,3,1.5,0.8,37.0,0.0,8.3,655.7,47.0,-605.0,3702.0,11,0.85,2
117189,66.8,39.5,61.0,1368,3442,3442,8,0.0,78.9,3,1.0,0.8,38.9,0.0,8.3,1044.0,47.0,-572.0,3702.0,11,0.85,2
119287,64.5,39.5,59.0,1066,3442,3442,8,0.0,78.9,3,1.0,0.8,52.4,0.0,8.3,1018.5,47.0,-593.0,3702.0,11,0.85,2
121388,62.9,39.5,58.3,1368,3442,3442,8,0.0,78.8,3,0.9,0.8,49.7,0.0,8.3,1129.6,47.0,-442.0,3702.0,11,0.85,2
123488,62.9,39.5,57.9,1368,3442,3442,8,0.0,78.8,3,0.9,0.8,40.4,0.0,8.3,1110.9,47.0,-745.0,3702.0,11,0.85,2
125651,64.1,39.5,58.3,1166,2198,3442,8,50.5,78.8,3,1.1,0.8,28.2,0.0,8.3,942.7,47.0,-580.0,3702.0,11,0.85,2
127702,63.3,39.5,57.9,1217,2069,3442,8,48.0,78.8,3,1.0,0.8,43.8,0.0,8.3,1005.6,47.0,-668.0,3702.0,11,0.85,2
129744,68.2,39.5,57.5,2069,2069,3442,8,0.0,78.7,3,1.1,0.8,26.8,0.0,8.3,919.1,47.0,-763.0,3702.0,11,0.85,2
131808,66.8,39.5,58.3,2069,2069,3442,8,0.0,78.7,3,1.2,0.8,59.7,0.0,8.3,812.0,47.0,-813.0,3702.0,11,0.85,2
133880,69.4,39.5,58.3,2069,2069,3442,8,0.0,78.7,3,1.0,0.8,36.3,0.0,8.3,966.6,47.0,-922.0,3702.0,11,0.85,2
135948,70.6,39.5,59.4,2069,2069,3442,8,0.0,78.7,3,1.1,0.8,36.5,0.0,8.3,926.2,47.0,-1235.0,3702.0,11,0.85,2
137985,67.5,39.5,59.0,1824,2069,3442,8,48.5,78.7,3,1.3,0.8,31.1,0.0,8.3,754.9,47.0,-875.0,3702.0,11,0.85,2
140067,64.8,39.5,58.7,1481,2069,3442,8,0.0,78.7,3,1.1,0.8,31.2,0.0,8.3,951.1,47.0,-695.0,3702.0,11,0.85,2
142152,64.8,39.5,58.7,1469,2069,3442,8,50.7,78.7,3,1.1,0.8,35.7,0.0,8.3,932.9,47.0,-769.0,3702.0,11,0.85,2
144255,65.2,39.5,58.7,1397,2069,3442,8,0.0,78.7,3,1.1,0.8,31.0,0.0,8.3,872.0,47.0,-634.0,3693.0,11,0.85,2
146499,65.6,39.5,59.8,1464,2069,3442,8,57.5,78.7,3,0.6,0.8,57.9,0.0,8.3,1704.0,47.0,-1329.0,3693.0,11,0.85,2
148732,67.2,39.5,60.6,1452,2069,3442,8,66.3,78.7,3,0.8,0.7,43.3,0.0,8.3,1273.7,47.0,-1177.0,3693.0,11,0.85,2
150877,65.2,39.5,59.4,1469,2069,3442,8,59.4,78.7,3,0.7,0.7,39.1,0.0,8.3,1497.3,47.0,-885.0,3693.0,11,0.85,2
153015,64.5,39.5,58.7,1560,2198,3442,8,33.6,78.7,3,0.7,0.7,36.6,0.0,8.3,1434.7,47.0,-757.0,3693.0,11,0.85,2
155156,66.4,39.5,58.3,1714,2069,3442,8,29.2,78.7,3,1.0,0.7,30.4,0.0,8.3,953.3,47.0,-745.0,3693.0,11,0.85,2
157302,67.2,39.5,58.3,1814,2069,3442,8,0.0,78.7,3,1.0,0.8,45.3,0.0,8.3,1006.6,47.0,-961.0,3693.0,11,0.85,2
159344,67.2,39.5,58.3,1858,2069,3442,8,0.0,78.7,3,1.3,0.8,30.5,0.0,8.3,772.4,47.0,-867.0,3693.0,11,0.85,2
161449,66.4,39.5,58.7,1714,2069,3442,8,37.8,78.7,3,1.0,0.8,41.4,0.0,8.3,960.0,47.0,-845.0,3693.0,11,0.85,2
163481,65.6,39.5,58.7,1469,2069,3442,8,0.0,78.7,3,1.2,0.8,32.7,0.0,8.3,838.4,47.0,-674.0,3693.0,11,0.85,2
165550,65.2,39.5,58.3,1541,2069,3442,8,35.8,78.7,3,1.0,0.8,37.7,0.0,8.3,1012.0,47.0,-727.0,3693.0,11,0.85,2
167657,66.8,39.5,58.3,1858,2069,3442,8,35.8,78.7,3,1.0,0.8,43.8,0.0,8.3,986.8,47.0,-921.0,3693.0,11,0.85,2
169716,68.3,39.5,59.4,1824,2069,3442,8,0.0,78.7,3,1.3,0.8,29.1,0.0,8.3,797.0,47.0,-959.0,3693.0,11,0.85,2
171784,68.3,39.5,59.4,1783,2069,3442,8,30.3,78.8,3,1.1,0.8,38.4,0.0,8.3,910.7,47.0,-933.0,3693.0,11,0.85,2
173873,67.2,39.5,59.0,1726,2069,3442,8,33.5,78.8,3,1.2,0.8,34.7,0.0,8.3,847.6,47.0,-888.0,3693.0,11,0.85,2
175922,68.3,39.5,59.4,1978,2069,3442,8,32.4,78.7,3,1.0,0.8,39.0,0.0,8.3,1019.0,47.0,-979.0,3693.0,11,0.85,2
178011,67.5,39.5,59.0,1726,2069,3442,8,35.0,78.7,3,1.1,0.8,43.0,0.0,8.3,925.8,47.0,-878.0,3693.0,11,0.85,2
180114,67.2,39.5,59.0,1738,2069,3442,8,35.5,78.8,3,1.3,0.8,47.4,0.0,8.3,786.3,47.0,-929.0,3693.0,11,0.85,2
182192,69.1,39.6,59.4,1858,2069,3442,8,35.5,78.8,3,1.2,0.8,31.9,0.0,8.3,844.0,47.0,-1015.0,3693.0,11,0.85,2
184232,68.7,39.6,59.8,1886,2069,3442,8,0.0,78.7,3,1.3,0.8,32.0,0.0,8.3,791.6,47.0,-994.0,3693.0,11,0.85,2
186270,68.3,39.6,59.8,1598,2069,3442,8,0.0,78.7,3,1.0,0.8,50.2,0.0,8.3,952.5,47.0,-890.0,3693.0,11,0.85,2
188461,64.8,39.6,58.7,1397,2069,3442,8,26.2,78.7,3,0.8,0.8,39.5,0.0,8.3,1187.4,47.0,-576.0,3693.0,11,0.85,2
190580,67.5,39.6,59.0,1726,2069,3442,8,0.0,78.7,3,1.2,0.8,33.9,0.0,8.3,833.1,47.0,-910.0,3693.0,11,0.85,2
192659,67.9,39.6,59.0,1824,2069,3442,8,35.6,78.7,3,1.0,0.8,33.7,0.0,8.3,981.2,47.0,-986.0,3693.0,11,0.85,2
194720,68.3,39.6,59.8,1886,2069,3442,8,0.0,78.7,3,1.1,0.8,31.7,0.0,8.3,879.6,47.0,-909.0,3693.0,11,0.85,2
196768,68.3,39.6,59.4,1824,2069,3442,8,35.6,78.7,3,1.3,0.8,39.1,0.0,8.3,751.6,47.0,-835.0,3693.0,11,0.85,2
198827,69.1,39.6,59.8,1824,2069,3442,8,36.9,78.7,3,1.0,0.8,50.2,0.0,8.3,957.2,47.0,-986.0,3693.0,11,0.85,2
200947,68.7,39.6,59.8,1714,2069,3442,8,43.1,78.7,3,1.2,0.8,48.4,0.0,8.3,831.6,47.0,-1053.0,3693.0,11,0.85,2
203025,68.3,39.6,59.4,1714,2069,3442,8,35.5,78.7,3,1.1,0.8,39.5,0.0,8.3,892.2,47.0,-871.0,3685.0,11,0.85,2
205139,67.2,39.6,59.4,1565,2198,3442,8,38.8,78.7,3,1.1,0.8,79.3,0.0,8.3,928.9,47.0,-859.0,3685.0,11,0.85,2
207174,67.5,39.6,59.0,1824,2069,3442,8,28.6,78.7,3,1.1,0.8,41.3,0.0,8.3,928.9,47.0,-1224.0,3685.0,11,0.85,2
209253,68.7,39.6,59.4,1925,2069,3442,8,0.0,78.7,3,1.2,0.8,31.7,0.0,8.3,852.2,47.0,-1029.0,3685.0,11,0.85,2
211324,68.3,39.7,59.4,1858,2069,3442,8,39.4,78.7,3,1.0,0.8,36.0,0.0,8.3,1041.0,47.0,-955.0,3685.0,11,0.85,2
213520,67.5,39.7,59.0,1714,2069,3442,8,37.2,78.7,3,1.1,0.8,39.3,0.0,8.3,872.4,47.0,-929.0,3685.0,11,0.85,2
215575,66.8,39.7,59.0,1598,2069,3442,8,37.7,78.7,3,1.1,0.8,46.3,0.0,8.3,884.0,47.0,-828.0,3685.0,11,0.85,2
217697,68.3,39.7,59.4,1858,2069,3442,8,35.2,78.7,3,1.0,0.8,34.5,0.0,8.3,974.1,47.0,-1050.0,3685.0,11,0.85,2
219771,69.1,39.7,59.4,1858,2069,3442,8,0.0,78.7,3,1.2,0.8,42.8,0.0,8.3,842.8,47.0,-846.0,3685.0,11,0.85,2
221865,69.1,39.7,59.4,1858,2069,3442,8,35.1,78.7,3,1.1,0.8,39.7,0.0,8.3,873.7,47.0,-946.0,3685.0,11,0.85,2
223946,69.5,39.7,59.4,1841,2069,3442,8,36.0,78.7,3,1.2,0.8,57.1,0.0,8.3,833.6,47.0,-999.0,3685.0,11,0.85,2
225986,68.7,39.7,59.4,1726,2069,3442,8,38.3,78.7,3,1.2,0.8,50.1,0.0,8.3,834.4,47.0,-818.0,3685.0,11,0.85,2
228069,66.4,39.7,59.0,1565,2198,3442,8,29.8,78.7,3,0.9,0.8,34.5,0.0,8.3,1157.7,47.0,-726.0,3685.0,11,0.85,2
230159,69.1,39.7,59.4,1858,2069,3442,8,38.4,78.7,3,1.2,0.8,33.5,0.0,8.3,841.6,47.0,-1098.0,3685.0,11,0.85,2
232253,68.7,39.7,59.8,1978,2069,3442,8,0.0,78.7,3,1.1,0.8,28.7,0.0,8.3,875.4,47.0,-986.0,3685.0,11,0.85,2
234311,69.5,39.7,59.4,1858,2069,3442,8,32.0,78.7,3,1.1,0.8,35.9,0.0,8.3,882.5,47.0,-987.0,3685.0,11,0.85,2
236411,67.9,39.7,59.8,1714,2069,3442,8,0.0,78.7,3,1.2,0.8,32.7,0.0,8.3,816.8,47.0,-882.0,3685.0,11,0.85,2
238503,69.5,39.7,59.8,1824,2069,3442,8,39.9,78.7,3,1.1,0.8,46.9,0.0,8.3,893.9,47.0,-969.0,3685.0,11,0.85,2
240545,70.2,39.7,59.8,1858,2069,3442,8,35.5,78.7,3,1.3,0.8,49.5,0.0,8.3,797.0,47.0,-972.0,3685.0,11,0.85,2
242623,68.7,39.7,59.8,1714,2069,3442,8,0.0,78.7,3,1.1,0.8,33.4,0.0,8.3,900.0,47.0,-921.0,3685.0,11,0.85,2
244712,68.3,39.7,59.8,1714,2069,3442,8,33.6,78.7,3,1.2,0.8,31.1,0.0,8.3,846.0,47.0,-692.0,3685.0,11,0.85,2
246770,69.1,39.7,59.8,1978,2069,3442,8,0.0,78.7,3,1.1,0.8,42.6,0.0,8.3,910.2,47.0,-973.0,3685.0,11,0.85,2
248857,69.1,39.7,60.2,1824,2069,3442,8,0.0,78.7,3,1.2,0.8,38.2,0.0,8.3,868.2,47.0,-992.0,3685.0,11,0.85,2
250921,68.7,39.7,59.8,1841,2069,3442,8,34.3,78.6,3,1.2,0.8,33.8,0.0,8.3,841.6,47.0,-895.0,3685.0,11,0.85,2
253043,68.3,39.7,59.8,1786,2069,3442,8,34.4,78.7,3,1.2,0.8,32.6,0.0,8.3,826.8,47.0,-992.0,3685.0,11,0.85,2
255093,68.7,39.7,59.4,1824,2069,3442,8,34.9,78.6,3,1.1,0.8,34.1,0.0,8.3,885.1,47.0,-1041.0,3685.0,11,0.85,2
257187,68.7,39.8,59.4,1714,2069,3442,8,34.3,78.6,3,1.2,0.8,42.8,0.0,8.3,824.8,47.0,-864.0,3685.0,11,0.85,2
259307,69.1,39.8,59.8,1824,2069,3442,8,32.9,78.6,3,1.1,0.8,30.2,0.0,8.3,936.9,47.0,-946.0,3685.0,11,0.85,2
261431,69.1,39.8,59.8,1781,2069,3442,8,0.0,78.6,3,1.2,0.8,36.1,0.0,8.3,849.6,47.0,-835.0,3685.0,11,0.85,2
263545,69.1,39.8,60.2,1824,2069,3442,8,0.0,78.6,3,1.2,0.8,36.1,0.0,8.3,839.2,47.0,-890.0,3677.0,11,0.85,2
265608,70.2,39.8,59.8,1858,2069,3442,8,35.3,78.6,3,1.2,0.8,45.1,0.0,8.3,845.2,47.0,-944.0,3677.0,11,0.85,2
267666,69.1,39.8,59.8,1843,2069,3442,8,34.1,78.6,3,1.0,0.8,34.0,0.0,8.3,973.2,47.0,-934.0,3677.0,11,0.85,2
269747,68.3,39.8,59.4,1858,2069,3442,8,0.0,78.6,3,1.2,0.8,28.0,0.0,8.3,819.2,47.0,-947.0,3677.0,11,0.85,2
271911,70.2,39.8,60.2,2026,2069,3442,8,0.0,78.7,3,1.1,0.8,37.8,0.0,8.3,885.1,47.0,-1110.0,3677.0,11,0.85,2
273988,69.5,39.8,60.2,1858,2069,3442,8,0.0,78.7,3,1.1,0.8,36.2,0.0,8.3,875.6,47.0,-947.0,3677.0,11,0.85,2
276057,69.1,39.8,59.8,1824,2069,3442,8,38.1,78.7,3,1.2,0.8,41.6,0.0,8.3,817.6,47.0,-996.0,3677.0,11,0.85,2
278149,68.3,39.8,60.2,1738,2069,3442,8,40.0,78.7,3,1.2,0.8,39.8,0.0,8.3,832.4,47.0,-1001.0,3677.0,11,0.85,2
280245,69.9,39.8,60.2,1858,2069,3442,8,42.3,78.7,3,1.1,0.8,48.4,0.0,8.3,872.4,47.0,-1049.0,3677.0,11,0.85,2
282317,70.6,39.8,60.6,1886,2069,3442,8,0.0,78.7,3,1.1,0.8,40.7,0.0,8.3,894.7,47.0,-1017.0,3677.0,11,0.85,2
284451,69.5,39.8,60.6,1858,2069,3442,8,0.0,78.7,3,1.2,0.8,31.2,0.0,8.3,859.4,47.0,-1023.0,3677.0,11,0.85,2
286535,70.2,39.8,60.2,1858,2069,3442,8,0.0,78.7,3,1.2,0.8,31.3,0.0,8.3,854.4,47.0,-934.0,3677.0,11,0.85,2
288658,67.5,39.8,60.2,1469,2069,3442,8,35.6,78.7,3,1.2,0.8,33.6,0.0,8.3,844.4,47.0,-741.0,3677.0,11,0.85,2
290768,66.0,39.8,59.0,1368,2198,3442,8,0.0,78.7,3,1.1,0.8,27.1,0.0,8.3,940.9,47.0,-662.0,3677.0,11,0.85,2
292850,68.3,39.8,59.8,1858,2069,3442,8,0.0,78.7,3,1.1,0.8,48.0,0.0,8.3,881.3,47.0,-923.0,3677.0,11,0.85,2
294922,69.5,39.8,60.2,1925,2069,3442,8,0.0,78.6,3,1.1,0.8,32.8,0.0,8.3,878.3,47.0,-1084.0,3677.0,11,0.85,2
296961,70.6,39.9,60.2,1858,2069,3442,8,0.0,78.6,3,1.3,0.8,31.0,0.0,8.3,790.1,47.0,-986.0,3677.0,11,0.85,2
299065,68.7,39.9,59.8,1824,2069,3442,8,0.0,78.6,3,1.1,0.8,31.6,0.0,8.3,904.4,47.0,-909.0,3677.0,11,0.85,2
301106,69.5,39.9,59.8,1858,2069,3442,8,0.0,78.6,3,1.3,0.8,40.2,0.0,8.3,797.7,47.0,-889.0,3677.0,11,0.85,2
303189,67.9,39.9,59.8,1714,2069,3442,8,37.5,78.6,3,1.2,0.8,29.0,0.0,8.3,858.9,47.0,-932.0,3677.0,11,0.85,2
305217,68.7,39.9,59.8,1858,2069,3442,8,35.9,78.6,3,1.2,0.8,41.5,0.0,8.3,833.6,47.0,-888.0,3677.0,11,0.85,2
307316,68.7,39.9,59.8,1858,2069,3442,8,0.0,78.6,3,1.0,0.8,51.2,0.0,8.3,954.8,47.0,-882.0,3677.0,11,0.85,2
309376,68.7,39.9,59.8,1925,2069,3442,8,0.0,78.6,3,1.1,0.8,31.4,0.0,8.3,882.1,47.0,-874.0,3677.0,11,0.85,2
311462,67.5,39.9,59.4,1565,2069,3442,8,0.0,78.6,3,1.1,0.8,35.5,0.0,8.3,922.7,47.0,-848.0,3677.0,11,0.85,2
313518,68.7,39.9,59.8,1824,2069,3442,8,0.0,78.6,3,1.1,0.8,34.2,0.0,8.3,930.2,47.0,-903.0,3677.0,11,0.85,2
315607,69.5,39.9,59.8,1858,2069,3442,8,0.0,78.6,3,1.2,0.8,34.4,0.0,8.3,822.8,47.0,-937.0,3677.0,11,0.85,2
317692,68.3,39.9,59.8,1738,2069,3442,8,0.0,78.6,3,1.1,0.8,40.6,0.0,8.3,924.4,47.0,-886.0,3677.0,11,0.85,2
319767,67.5,39.9,59.4,1714,2069,3442,8,0.0,78.5,3,1.1,0.8,65.3,0.0,8.3,872.4,47.0,-816.0,3677.0,11,0.85,2
321863,66.0,39.9,59.0,1565,2069,3442,8,38.0,78.6,3,1.0,0.8,41.3,0.0,8.3,987.3,47.0,-742.0,3677.0,11,0.85,2
323997,67.9,39.9,59.4,1824,2069,3442,8,0.0,78.6,3,1.2,0.8,42.7,0.0,8.3,838.8,47.0,-919.0,3680.0,11,0.85,2
326093,65.2,39.9,59.0,1382,2069,3442,8,0.0,78.6,3,1.0,0.8,35.4,0.0,8.3,1000.9,47.0,-593.0,3680.0,11,0.85,2
328190,67.9,39.9,59.0,1925,2069,3442,8,0.0,78.6,3,0.9,0.8,49.7,0.0,8.3,1053.0,47.0,-978.0,3680.0,11,0.85,2
330239,68.3,39.9,59.8,1714,2069,3442,8,38.8,78.6,3,1.2,0.8,37.3,0.0,8.3,832.4,47.0,-837.0,3680.0,11,0.85,2
332318,66.4,39.9,59.0,1565,2069,3442,8,35.6,78.5,3,1.0,0.8,30.4,0.0,8.3,966.1,47.0,-870.0,3680.0,11,0.85,2
334360,66.4,39.9,59.0,1582,2069,3442,8,39.4,78.5,3,1.1,0.8,34.7,0.0,8.3,924.4,47.0,-872.0,3680.0,11,0.85,2
336454,67.2,39.9,59.4,1800,2069,3442,8,0.0,78.5,3,1.0,0.8,42.6,0.0,8.3,961.9,47.0,-814.0,3680.0,11,0.85,2
338543,67.2,39.9,59.0,1714,2069,3442,8,35.2,78.5,3,1.1,0.8,35.8,0.0,8.3,934.2,47.0,-920.0,3680.0,11,0.85,2
340683,66.4,39.9,59.0,1582,2069,3442,8,0.0,78.5,3,1.0,0.8,32.5,0.0,8.3,981.6,47.0,-817.0,3680.0,11,0.85,2
342750,67.9,39.9,59.4,1714,2069,3442,8,36.1,78.5,3,1.1,0.8,31.4,0.0,8.3,901.5,47.0,-857.0,3680.0,11,0.85,2
344832,67.2,40.0,59.4,1565,2069,3442,8,36.8,78.5,3,1.2,0.8,30.1,0.0,8.3,819.2,47.0,-781.0,3680.0,11,0.85,2
346883,69.1,39.9,59.4,1841,2069,3442,8,0.0,78.5,3,1.1,0.8,34.0,0.0,8.3,877.1,47.0,-999.0,3680.0,11,0.85,2
348961,69.5,40.0,59.8,1824,2069,3442,8,0.0,78.5,3,1.2,0.8,34.6,0.0,8.3,862.3,47.0,-921.0,3680.0,11,0.85,2
351041,67.2,40.0,59.4,1714,2069,3442,8,0.0,78.5,3,1.1,0.8,36.1,0.0,8.3,882.1,47.0,-770.0,3680.0,11,0.85,2
353118,69.1,40.0,59.8,1858,2069,3442,8,0.0,78.5,3,1.2,0.8,41.1,0.0,8.3,826.0,47.0,-990.0,3680.0,11,0.85,2
355200,68.7,40.0,59.8,1824,2069,3442,8,39.2,78.5,3,1.2,0.8,41.2,0.0,8.3,834.4,47.0,-893.0,3680.0,11,0.85,2
357266,68.7,40.0,59.4,1841,2069,3442,8,31.5,78.5,3,1.1,0.8,34.3,0.0,8.3,869.9,47.0,-891.0,3680.0,11,0.85,2
359418,68.7,40.0,59.8,1824,2069,3442,8,0.0,78.5,3,1.2,0.8,37.1,0.0,8.3,835.6,47.0,-1035.0,3680.0,11,0.85,2
361484,68.7,39.9,59.8,1886,2069,3442,8,0.0,78.5,3,1.2,0.8,52.9,0.0,8.3,865.2,47.0,-897.0,3680.0,11,0.85,2
363616,67.2,40.0,59.4,1565,2069,3442,8,0.0,78.5,3,1.2,0.8,36.7,0.0,8.3,858.1,47.0,-880.0,3680.0,11,0.85,2
365745,65.6,40.0,58.7,1368,2198,3442,8,0.0,78.5,3,0.9,0.8,33.3,0.0,8.3,1150.9,47.0,-599.0,3680.0,11,0.85,2
367833,68.3,39.9,59.4,1858,2069,3442,8,0.0,78.5,3,1.1,0.8,48.5,0.0,8.3,891.4,47.0,-1036.0,3680.0,11,0.85,2
369940,69.5,39.9,59.8,1824,2069,3442,8,0.0,78.5,3,1.2,0.8,37.5,0.0,8.3,801.1,47.0,-933.0,3680.0,11,0.85,2
371985,68.3,39.9,59.4,1714,2069,3442,8,0.0,78.5,3,1.0,0.8,35.8,0.0,8.3,982.6,47.0,-913.0,3680.0,11,0.85,2
374071,67.5,40.0,59.4,1726,2069,3442,8,26.9,78.5,3,1.1,0.8,38.7,0.0,8.3,903.1,47.0,-923.0,3680.0,11,0.85,2
376118,69.5,39.9,59.8,1858,2069,3442,8,36.4,78.5,3,1.2,0.8,43.1,0.0,8.3,840.0,47.0,-1065.0,3680.0,11,0.85,2
378252,67.5,39.9,59.8,1582,2069,3442,8,0.0,78.5,3,1.1,0.8,36.3,0.0,8.3,905.8,47.0,-794.0,3680.0,11,0.85,2
380331,66.8,39.9,59.4,1565,2069,3442,8,37.5,78.5,3,1.0,0.8,32.3,0.0,8.3,953.8,47.0,-884.0,3680.0,11,0.85,2
382436,67.2,40.0,59.0,1565,2069,3442,8,39.3,78.5,3,1.1,0.8,38.8,0.0,8.3,922.7,47.0,-838.0,3680.0,11,0.85,2
384535,67.5,40.0,59.4,1714,2069,3442,8,38.6,78.5,3,0.9,0.8,43.3,0.0,8.3,1053.0,47.0,-967.0,3682.0,11,0.85,2
386614,68.7,40.0,59.4,1738,2069,3442,8,40.4,78.5,3,1.2,0.8,60.6,0.0,8.3,802.3,47.0,-919.0,3682.0,11,0.85,2
388670,68.3,40.0,59.8,1841,2069,3442,8,35.0,78.5,3,1.1,0.8,39.8,0.0,8.3,871.2,47.0,-933.0,3682.0,11,0.85,2
390757,69.9,40.0,59.4,2011,2069,3442,8,33.3,78.5,3,1.2,0.8,36.8,0.0,8.3,867.4,47.0,-1058.0,3682.0,11,0.85,2
392848,67.9,40.0,59.8,1565,2069,3442,8,0.0,78.4,3,1.1,0.8,40.2,0.0,8.3,879.6,47.0,-808.0,3682.0,11,0.85,2
394970,65.6,40.0,59.0,1469,2069,3442,8,0.0,78.5,3,1.1,0.8,40.2,0.0,8.3,929.8,47.0,-760.0,3682.0,11,0.85,2
397083,67.2,40.0,59.0,1766,2198,3442,8,0.0,78.4,3,1.1,0.8,56.1,0.0,8.3,951.1,47.0,-1029.0,3682.0,11,0.85,2
399198,71.0,40.0,61.0,2069,2069,3442,8,67.2,78.5,3,1.0,0.8,167.8,0.0,8.3,1049.0,47.0,-834.0,3682.0,11,0.85,2
401269,80.2,40.0,62.9,2198,2198,3442,8,47.1,78.4,3,1.2,0.7,40.1,0.0,8.3,846.0,47.0,-1641.0,3682.0,11,0.85,2
403431,74.9,40.0,62.9,2093,2198,3442,8,19.6,78.4,3,1.3,0.8,36.6,0.0,8.3,749.5,47.0,-1486.0,3682.0,11,0.85,2
405495,69.1,40.0,61.0,1481,2069,3442,8,0.0,78.4,3,1.3,0.8,35.6,0.0,8.3,759.7,47.0,-894.0,3682.0,11,0.85,2
407588,69.5,40.0,61.0,2069,2069,3442,8,37.1,78.4,3,1.3,0.8,40.6,0.0,8.3,786.3,47.0,-796.0,3682.0,11,0.85,2
409629,64.8,40.0,59.8,1368,2198,3442,8,47.2,78.4,3,1.1,0.8,30.1,0.0,8.3,872.8,47.0,-612.0,3682.0,11,0.85,2
411833,70.2,40.0,60.6,1565,1838,3442,8,47.3,78.4,3,0.7,0.8,51.9,0.0,8.3,1353.3,47.0,-1423.0,3682.0,11,0.85,2
413871,71.0,40.0,61.4,1838,1838,3442,8,0.0,78.4,3,1.0,2.1,33.2,0.0,8.3,1038.1,47.0,-945.0,3674.0,11,0.85,2
121,55.4,39.8,50.9,1642,1925,3442,8,0.0,78.6,3,120.0,0.0,-1.0,0.0,8.3,8.3,47.0,162.0,3674.0,0,0.00,0
2089,62.4,39.8,54.0,1925,1925,3442,8,0.0,78.6,3,1.5,10.6,32.8,0.0,8.3,669.7,47.0,-525.0,3674.0,11,0.85,2
4112,62.9,39.8,56.3,1584,1584,3442,8,30.8,78.7,3,1.4,10.0,40.6,0.0,8.3,697.7,47.0,-813.0,3674.0,11,0.85,2
6134,63.7,39.8,56.3,1810,1838,3442,8,49.8,78.7,3,1.0,10.4,35.3,0.0,8.3,952.9,47.0,-1199.0,3674.0,11,0.85,2
8154,61.0,39.8,54.8,1440,1584,3442,8,19.0,78.8,3,1.1,9.3,26.7,0.0,8.3,897.3,47.0,-386.0,3674.0,11,0.85,2
10200,59.4,39.7,54.0,1440,1584,3442,8,10.9,78.8,3,1.0,8.3,67.4,0.0,8.3,960.5,47.0,-285.0,3674.0,11,0.85,2
12265,58.7,39.7,53.6,1440,1584,3442,8,11.4,78.8,3,1.2,7.7,59.8,0.0,8.3,809.6,47.0,-428.0,3674.0,11,0.85,2
14505,58.7,39.7,53.2,1440,1584,3442,8,4.4,78.9,3,1.2,8.3,145.5,0.0,8.3,828.8,47.0,-330.0,3674.0,11,0.85,2
16539,59.0,39.7,53.6,1469,1584,3442,8,20.2,78.9,3,1.1,6.8,112.5,0.0,8.3,892.8,47.0,-281.0,3700.0,11,0.85,2
18598,57.9,39.7,53.6,1526,1584,3442,8,13.0,78.9,3,1.0,7.0,65.1,0.0,8.3,960.0,47.0,-305.0,3700.0,11,0.85,2
20667,57.5,39.7,52.9,1440,1584,3442,8,3.2,78.9,3,1.3,7.0,118.9,0.0,8.3,784.0,47.0,-491.0,3700.0,11,0.85,2
22680,57.5,39.6,52.9,1440,1584,3442,8,12.4,79.0,3,1.2,6.1,99.9,0.0,8.3,825.6,47.0,-510.0,3700.0,11,0.85,2
24799,58.3,39.7,52.9,1440,1584,3442,8,20.3,79.0,3,1.2,5.2,105.1,0.0,8.3,849.7,47.0,-460.0,3700.0,11,0.85,2
26978,57.9,39.6,52.9,1584,1584,3442,8,13.7,79.0,3,1.2,5.2,95.8,0.0,8.3,806.9,47.0,-1011.0,3700.0,11,0.85,2
29091,57.9,39.6,53.2,1440,1584,3442,8,11.0,79.0,3,1.1,5.2,42.5,0.0,8.3,915.4,47.0,-238.0,3700.0,11,0.85,2
31122,57.5,39.6,53.2,1440,1584,3442,8,11.0,79.1,3,1.2,3.9,50.5,0.0,8.3,852.8,47.0,-509.0,3700.0,11,0.85,2
33172,58.7,39.6,53.2,1440,1584,3442,8,11.1,79.1,3,1.1,3.9,37.9,0.0,8.3,897.8,47.0,-443.0,3700.0,11,0.85,2
35229,58.3,39.6,53.6,1584,1584,3442,8,17.4,79.1,3,1.2,3.9,44.3,0.0,8.3,864.0,47.0,-519.0,3700.0,11,0.85,2
37247,58.3,39.6,53.6,1440,1584,3442,8,12.6,79.1,3,1.2,3.3,343.7,0.0,8.3,864.0,47.0,-346.0,3700.0,11,0.85,2
39268,57.5,39.6,52.9,1584,1584,3442,8,7.5,79.1,3,1.2,2.4,25.4,0.0,8.3,848.8,47.0,-508.0,3700.0,11,0.85,2
41318,57.5,39.5,53.2,1440,1584,3442,8,12.8,79.2,3,1.2,2.6,120.9,0.0,8.3,861.9,47.0,-420.0,3700.0,11,0.85,2
43411,57.1,39.5,52.9,1440,1584,3442,8,20.8,79.2,3,1.2,3.0,46.8,0.0,8.3,851.8,47.0,-643.0,3700.0,11,0.85,2
45427,59.0,39.5,53.6,1567,1584,3442,8,17.2,79.2,3,1.1,4.0,46.5,0.0,8.3,880.8,47.0,-309.0,3700.0,11,0.85,2
47444,60.2,39.5,54.8,1440,1584,3442,8,41.0,79.2,3,1.2,5.2,57.8,0.0,8.3,849.7,47.0,-554.0,3700.0,11,0.85,2
49471,59.0,39.5,54.0,1440,1584,3442,8,38.2,79.3,3,1.0,5.6,73.3,0.0,8.3,1009.5,47.0,-235.0,3700.0,11,0.85,2
51490,59.8,39.5,54.4,1440,1584,3442,8,71.5,79.3,3,1.0,4.7,101.6,0.0,8.3,953.9,47.0,-766.0,3700.0,11,0.85,2
53568,59.0,39.5,53.6,1440,1584,3442,8,4.2,79.3,3,1.2,4.6,245.5,0.0,8.3,805.2,47.0,-662.0,3700.0,11,0.85,2
55583,58.7,39.5,53.6,1440,1584,3442,8,19.0,79.3,3,1.2,4.4,103.7,0.0,8.3,832.0,47.0,-478.0,3700.0,11,0.85,2
57598,57.9,39.5,53.6,1440,1584,3442,8,12.9,79.3,3,1.1,4.5,48.8,0.0,8.3,948.7,47.0,-411.0,3700.0,11,0.85,2
59644,58.7,39.5,53.2,1440,1584,3442,8,3.7,79.3,3,1.3,4.7,127.6,0.0,8.3,768.0,47.0,-433.0,3700.0,11,0.85,2
61697,57.9,39.5,52.5,1440,1584,3442,8,3.2,79.3,3,1.2,4.3,99.7,0.0,8.3,817.6,47.0,-501.0,3700.0,11,0.85,2
63740,57.9,39.5,52.5,1440,1584,3442,8,12.4,79.3,3,1.2,5.0,85.0,0.0,8.3,821.2,47.0,-325.0,3700.0,11,0.85,2
65763,60.2,39.5,55.2,1550,1584,3442,8,50.4,79.3,3,1.0,4.6,74.2,0.0,8.3,1025.5,47.0,-870.0,3700.0,11,0.85,2
67783,61.6,39.5,55.6,1810,1810,3442,8,0.0,79.3,3,1.2,3.7,235.9,0.0,8.3,808.0,47.0,-963.0,3700.0,11,0.85,2
69798,62.8,39.5,56.0,2011,2011,3442,8,0.0,79.3,3,1.7,5.0,110.4,0.0,8.3,597.9,47.0,-1506.0,3700.0,11,0.85,2
71812,62.9,39.5,55.6,2011,2011,3442,8,0.0,79.3,3,1.7,5.7,64.0,0.0,8.3,596.7,47.0,-837.0,3700.0,11,0.85,2
73822,62.4,39.5,55.6,2011,2011,3442,8,0.0,79.3,3,1.8,7.0,62.0,0.0,8.3,554.5,47.0,-792.0,3700.0,11,0.85,2
75832,63.3,39.5,55.6,2011,2011,3442,8,0.0,79.3,3,1.6,7.7,71.7,0.0,8.3,618.5,47.0,-878.0,3685.0,11,0.85,2
77948,67.1,39.5,57.1,1838,1838,3442,8,34.0,79.3,3,1.4,7.9,38.7,0.0,8.3,699.8,47.0,-1737.0,3685.0,11,0.85,2
80014,62.5,39.5,56.7,1512,1644,3442,8,14.3,79.3,3,1.0,7.9,39.7,0.0,8.3,999.1,47.0,-383.0,3685.0,11,0.85,2
82102,61.7,39.5,55.2,1584,1584,3442,8,9.6,79.3,3,1.1,7.9,41.0,0.0,8.3,920.0,47.0,-316.0,3685.0,11,0.85,2
84132,60.6,39.5,54.8,1584,1584,3442,8,2.7,79.3,3,1.1,5.6,94.6,0.0,8.3,878.3,47.0,-599.0,3685.0,11,0.85,2
86159,59.4,39.5,54.0,1584,1584,3442,8,2.1,79.3,3,1.1,5.6,51.7,0.0,8.3,898.7,47.0,-454.0,3685.0,11,0.85,2
88177,59.4,39.5,53.6,1440,1584,3442,8,1.7,79.3,3,1.0,2.8,39.4,0.0,8.3,954.4,47.0,-307.0,3685.0,11,0.85,2
90248,62.9,39.5,57.5,1526,1584,3442,8,64.6,79.3,3,0.9,2.1,35.9,0.0,8.3,1077.3,47.0,-1103.0,3685.0,11,0.85,2
92415,62.5,39.5,56.7,1440,1584,3442,8,87.7,79.3,3,1.0,4.2,56.5,0.0,8.3,985.9,47.0,-536.0,3685.0,11,0.85,2
94435,59.8,39.5,54.8,1440,1584,3442,8,1.9,79.3,3,1.1,5.2,47.3,0.0,8.3,902.3,47.0,-509.0,3685.0,11,0.85,2
96454,58.3,39.5,53.6,1440,1584,3442,8,1.6,79.3,3,1.2,5.8,278.3,0.0,8.3,806.0,47.0,-377.0,3685.0,11,0.85,2
98527,58.3,39.5,53.6,1440,1584,3442,8,1.7,79.3,3,1.1,6.3,31.9,0.0,8.3,897.3,47.0,-452.0,3685.0,11,0.85,2
100543,59.0,39.5,53.6,1440,1584,3442,8,4.2,79.3,3,1.1,6.5,84.3,0.0,8.3,873.7,47.0,-455.0,3685.0,11,0.85,2
102647,58.7,39.5,53.6,1440,1584,3442,8,7.6,79.3,3,1.1,6.3,136.6,0.0,8.3,897.3,47.0,-421.0,3685.0,11,0.85,2
104661,57.9,39.5,53.2,1440,1584,3442,8,4.2,79.3,3,1.2,6.1,71.1,0.0,8.3,840.0,47.0,-405.0,3685.0,11,0.85,2
106752,57.5,39.5,53.2,1440,1584,3442,8,10.7,79.3,3,1.1,5.1,96.3,0.0,8.3,895.1,47.0,-328.0,3685.0,11,0.85,2
108816,57.1,39.5,52.9,1440,1584,3442,8,0.0,79.3,3,1.3,5.1,67.0,0.0,8.3,797.0,47.0,-455.0,3685.0,11,0.85,2
110842,58.3,39.5,53.2,1512,1584,3442,8,3.5,79.3,3,1.0,5.2,34.2,0.0,8.3,1034.0,47.0,-412.0,3685.0,11,0.85,2
113026,59.0,39.5,53.2,1512,1584,3442,8,4.5,79.3,3,1.2,5.2,43.4,0.0,8.3,850.5,47.0,-484.0,3685.0,11,0.85,2
115180,59.4,39.5,54.0,1526,1584,3442,8,5.3,79.3,3,1.0,5.2,57.8,0.0,8.3,1029.6,47.0,-403.0,3685.0,11,0.85,2
117196,59.4,39.5,54.4,1440,1584,3442,8,10.0,79.3,3,1.0,3.9,32.4,0.0,8.3,956.4,47.0,-627.0,3685.0,11,0.85,2
119219,58.3,39.5,52.9,1440,1584,3442,8,4.2,79.3,3,1.1,2.0,42.9,0.0,8.3,896.4,47.0,-193.0,3685.0,11,0.85,2
121244,58.7,39.4,53.2,1440,1584,3442,8,4.2,79.4,3,1.1,3.8,71.0,0.0,8.3,898.7,47.0,-572.0,3685.0,11,0.85,2
123270,61.4,39.4,54.8,1584,1584,3442,8,11.2,79.4,3,0.9,7.4,47.0,0.0,8.3,1080.0,47.0,-938.0,3685.0,11,0.85,2
125315,61.0,39.4,54.8,1440,1584,3442,8,11.4,79.4,3,0.9,7.3,49.6,0.0,8.3,1160.6,47.0,-820.0,3685.0,11,0.85,2
127567,61.0,39.4,54.8,1440,1584,3442,8,11.3,79.4,3,1.0,6.9,71.2,0.0,8.3,1021.0,47.0,-762.0,3685.0,11,0.85,2
129629,60.6,39.4,55.2,1584,1584,3442,8,11.1,79.4,3,0.9,6.7,45.8,0.0,8.3,1133.5,47.0,-802.0,3685.0,11,0.85,2
131647,60.6,39.4,55.6,1440,1584,3442,8,12.0,79.4,3,1.0,6.0,87.6,0.0,8.3,962.8,47.0,-1016.0,3685.0,11,0.85,2
133689,61.4,39.4,55.6,1440,1584,3442,8,11.8,79.4,3,1.0,6.3,42.1,0.0,8.3,960.9,47.0,-782.0,3685.0,11,0.85,2
135754,61.7,39.4,56.3,1584,1584,3442,8,11.8,79.4,3,0.9,6.5,57.8,0.0,8.3,1154.3,47.0,-1240.0,3679.0,11,0.85,2
137785,60.5,39.4,55.6,1584,1584,3442,8,5.9,79.4,3,1.0,9.1,60.8,0.0,8.3,971.3,47.0,-667.0,3679.0,11,0.85,2
139813,62.1,39.4,56.7,1730,1838,3442,8,7.6,79.4,3,1.1,8.9,46.6,0.0,8.3,906.7,47.0,-1312.0,3679.0,11,0.85,2
141869,67.5,39.4,59.0,1810,1810,3442,8,0.0,79.4,3,1.2,7.1,27.8,0.0,8.3,823.6,47.0,-1026.0,3679.0,11,0.85,2
143882,65.5,39.4,57.9,1925,1925,3442,8,0.0,79.4,3,1.5,10.4,29.8,0.0,8.3,671.3,47.0,-822.0,3679.0,11,0.85,2
146045,64.1,39.4,59.0,1550,1584,3442,8,32.6,79.3,3,1.5,12.3,32.9,0.0,8.3,671.3,47.0,-822.0,3679.0,11,0.85,2
148063,64.5,39.4,58.7,1512,1838,3442,8,48.1,79.3,3,1.0,11.4,34.8,0.0,8.3,962.2,47.0,-307.0,3679.0,11,0.85,2
150299,61.4,39.4,56.0,1440,1584,3442,8,11.1,79.3,3,1.2,11.4,29.1,0.0,8.3,848.8,47.0,-303.0,3679.0,11,0.85,2
152318,60.6,39.4,55.6,1440,1584,3442,8,10.8,79.3,3,1.1,8.3,183.7,0.0,8.3,895.6,47.0,-701.0,3679.0,11,0.85,2
154334,60.2,39.4,55.6,1440,1584,3442,8,19.5,79.3,3,1.1,8.3,52.8,0.0,8.3,895.6,47.0,-319.0,3679.0,11,0.85,2
156394,59.8,39.4,54.8,1584,1584,3442,8,12.6,79.2,3,1.2,5.8,44.5,0.0,8.3,848.8,47.0,-347.0,3679.0,11,0.85,2
158418,59.0,39.4,54.4,1440,1584,3442,8,6.2,79.2,3,1.1,3.0,65.5,0.0,8.3,915.6,47.0,-856.0,3679.0,11,0.85,2
160470,58.7,39.4,54.0,1440,1584,3442,8,13.4,79.2,3,1.2,4.2,74.4,0.0,8.3,853.1,47.0,-538.0,3679.0,11,0.85,2
162490,58.7,39.4,54.4,1440,1584,3442,8,20.9,79.2,3,1.3,7.0,75.0,0.0,8.3,781.0,47.0,-347.0,3679.0,11,0.85,2
164524,59.8,39.4,54.8,1440,1584,3442,8,17.9,79.2,3,1.1,9.9,27.9,0.0,8.3,949.6,47.0,-591.0,3679.0,11,0.85,2
166558,58.3,39.4,54.4,1440,1584,3442,8,12.2,79.2,3,1.2,11.2,28.1,0.0,8.3,815.6,47.0,-347.0,3679.0,11,0.85,2
168614,59.4,39.4,54.4,1584,1584,3442,8,10.6,79.3,3,1.1,12.2,379.3,0.0,8.3,903.6,47.0,-684.0,3679.0,11,0.85,2
170655,59.8,39.4,54.8,1440,1584,3442,8,19.8,79.3,3,1.1,12.5,31.6,0.0,8.3,912.4,47.0,-433.0,3679.0,11,0.85,2
172672,59.8,39.4,54.8,1440,1584,3442,8,12.7,79.3,3,1.2,12.7,29.3,0.0,8.3,859.8,47.0,-422.0,3679.0,11,0.85,2
174687,57.9,39.4,54.0,1440,1584,3442,8,4.3,79.3,3,1.2,11.7,31.5,0.0,8.3,848.8,47.0,-664.0,3679.0,11,0.85,2
176819,57.9,39.4,54.0,1440,1584,3442,8,8.6,79.3,3,1.1,8.5,73.6,0.0,8.3,896.4,47.0,-737.0,3679.0,11,0.85,2
178836,58.7,39.4,54.4,1440,1584,3442,8,20.9,79.3,3,1.2,6.8,31.3,0.0,8.3,811.0,47.0,-634.0,3679.0,11,0.85,2
180920,59.0,39.4,54.4,1550,1584,3442,8,22.0,79.3,3,1.0,9.5,49.4,0.0,8.3,952.5,47.0,-296.0,3679.0,11,0.85,2
183078,58.3,39.4,54.8,1440,1584,3442,8,11.5,79.3,3,1.2,11.3,26.6,0.0,8.3,832.8,47.0,-337.0,3679.0,11,0.85,2
185103,58.7,39.4,54.4,1584,1584,3442,8,11.2,79.3,3,1.1,11.8,25.7,0.0,8.3,908.2,47.0,-694.0,3679.0,11,0.85,2
187372,58.3,39.4,54.4,1440,1584,3442,8,17.8,79.3,3,1.2,11.8,166.3,0.0,8.3,809.2,47.0,-486.0,3679.0,11,0.85,2
189390,59.0,39.4,54.4,1440,1584,3442,8,12.5,79.3,3,1.1,11.8,53.2,0.0,8.3,907.6,47.0,-307.0,3679.0,11,0.85,2
191438,57.9,39.4,53.6,1440,1584,3442,8,6.1,79.3,3,1.2,8.6,26.6,0.0,8.3,851.8,47.0,-517.0,3679.0,11,0.85,2
193548,57.9,39.4,53.6,1440,1584,3442,8,12.8,79.3,3,1.2,5.3,40.5,0.0,8.3,826.8,47.0,-409.0,3679.0,11,0.85,2
195667,58.7,39.4,53.6,1440,1584,3442,8,16.0,79.3,3,1.1,5.1,59.7,0.0,8.3,878.3,47.0,-459.0,3688.0,11,0.85,2
197683,59.4,39.4,54.8,1550,1584,3442,8,20.7,79.3,3,1.2,7.7,23.0,0.0,8.3,847.6,47.0,-739.0,3688.0,11,0.85,2
199698,57.9,39.4,54.0,1440,1584,3442,8,11.3,79.3,3,1.2,10.4,26.4,0.0,8.3,848.8,47.0,-504.0,3688.0,11,0.85,2
201735,58.3,39.4,54.0,1584,1584,3442,8,11.0,79.3,3,1.1,12.0,26.4,0.0,8.3,896.0,47.0,-630.0,3688.0,11,0.85,2
203837,59.4,39.4,54.4,1440,1584,3442,8,14.4,79.3,3,1.1,12.4,92.7,0.0,8.3,916.0,47.0,-443.0,3688.0,11,0.85,2
205873,59.4,39.4,54.4,1440,1584,3442,8,12.5,79.3,3,1.0,12.5,120.5,0.0,8.3,978.8,47.0,-761.0,3688.0,11,0.85,2
207889,58.3,39.4,53.6,1440,1584,3442,8,9.7,79.3,3,1.2,12.8,42.5,0.0,8.3,855.6,47.0,-567.0,3688.0,11,0.85,2
209919,58.3,39.4,54.0,1440,1584,3442,8,12.2,79.3,3,1.2,10.7,54.8,0.0,8.3,848.4,47.0,-610.0,3688.0,11,0.85,2
212023,57.9,39.4,54.4,1440,1584,3442,8,19.7,79.4,3,1.2,8.3,79.7,0.0,8.3,812.8,47.0,-722.0,3688.0,11,0.85,2
214064,58.3,39.4,54.4,1440,1584,3442,8,18.6,79.4,3,1.2,9.7,53.7,0.0,8.3,851.6,47.0,-421.0,3688.0,11,0.85,2
216079,59.0,39.4,54.4,1440,1584,3442,8,11.0,79.4,3,1.1,10.6,25.2,0.0,8.3,896.4,47.0,-339.0,3688.0,11,0.85,2
218110,57.9,39.4,53.6,1440,1584,3442,8,11.0,79.4,3,1.1,11.9,32.8,0.0,8.3,897.3,47.0,-277.0,3688.0,11,0.85,2
220152,58.3,39.4,54.4,1440,1584,3442,8,12.1,79.4,3,1.2,11.9,50.3,0.0,8.3,853.9,47.0,-470.0,3688.0,11,0.85,2
222189,58.7,39.4,54.4,1440,1584,3442,8,14.7,79.4,3,1.1,8.9,44.1,0.0,8.3,908.0,47.0,-401.0,3688.0,11,0.85,2
224254,57.9,39.4,53.6,1440,1584,3442,8,12.6,79.4,3,1.2,8.9,55.2,0.0,8.3,816.4,47.0,-283.0,3688.0,11,0.85,2
226369,57.1,39.4,53.2,1440,1584,3442,8,10.3,79.4,3,1.2,5.8,71.1,0.0,8.3,822.0,47.0,-506.0,3688.0,11,0.85,2
228398,57.9,39.4,53.6,1440,1584,3442,8,13.6,79.4,3,1.2,4.9,112.6,0.0,8.3,848.4,47.0,-367.0,3688.0,11,0.85,2
230499,57.9,39.4,53.2,1584,1584,3442,8,18.3,79.4,3,1.2,7.2,23.5,0.0,8.3,812.0,47.0,-414.0,3688.0,11,0.85,2
232570,57.5,39.4,53.6,1440,1584,3442,8,0.0,79.4,3,1.2,10.3,30.2,0.0,8.3,859.6,47.0,-595.0,3688.0,11,0.85,2
234582,58.3,39.3,54.0,1440,1584,3442,8,10.7,79.4,3,1.2,11.4,23.7,0.0,8.3,849.3,47.0,-472.0,3688.0,11,0.85,2
236608,57.9,39.3,53.2,1440,1584,3442,8,10.9,79.4,3,1.1,11.9,23.8,0.0,8.3,894.7,47.0,-181.0,3688.0,11,0.85,2
238680,58.7,39.3,54.0,1440,1584,3442,8,14.8,79.4,3,1.0,11.9,39.6,0.0,8.3,953.9,47.0,-334.0,3688.0,11,0.85,2
240739,59.0,39.3,53.6,1440,1584,3442,8,12.5,79.4,3,1.2,9.2,36.6,0.0,8.3,830.4,47.0,-260.0,3688.0,11,0.85,2
242923,57.5,39.3,53.2,1584,1584,3442,8,9.7,79.5,3,1.1,9.2,48.2,0.0,8.3,913.3,47.0,-357.0,3688.0,11,0.85,2
244938,57.1,39.3,53.2,1440,1584,3442,8,12.4,79.5,3,1.1,6.5,113.6,0.0,8.3,873.2,47.0,-569.0,3688.0,11,0.85,2
247013,57.5,39.3,53.2,1440,1584,3442,8,12.5,79.4,3,1.2,5.9,67.8,0.0,8.3,805.6,47.0,-474.0,3688.0,11,0.85,2
249082,62.1,39.3,54.8,1824,2040,3442,8,21.0,79.4,3,1.1,6.5,29.0,0.0,8.3,877.5,47.0,-1326.0,3688.0,11,0.85,2
251168,71.7,39.3,58.7,2040,2040,3442,8,52.0,79.4,3,1.1,9.3,28.9,0.0,8.3,874.1,47.0,-1926.0,3688.0,11,0.85,2
253343,61.4,39.3,56.3,1440,1584,3442,8,34.7,79.5,3,1.3,10.5,26.7,0.0,8.3,754.9,47.0,-438.0,3688.0,11,0.85,2
255365,60.2,39.3,55.2,1440,1584,3442,8,10.7,79.5,3,1.1,11.9,33.1,0.0,8.3,870.0,47.0,-489.0,3687.0,11,0.85,2
257386,59.8,39.3,54.8,1440,1584,3442,8,2.2,79.5,3,1.1,12.6,50.4,0.0,8.3,896.4,47.0,-628.0,3687.0,11,0.85,2
259451,58.7,39.3,54.4,1440,1584,3442,8,1.7,79.4,3,1.0,12.3,29.6,0.0,8.3,1012.0,47.0,-426.0,3687.0,11,0.85,2
261671,58.7,39.3,54.0,1440,1584,3442,8,1.6,79.4,3,1.2,12.1,23.3,0.0,8.3,869.1,47.0,-427.0,3687.0,11,0.85,2
263687,58.3,39.3,53.6,1440,1584,3442,8,1.6,79.4,3,1.0,12.5,29.2,0.0,8.3,986.2,47.0,-535.0,3687.0,11,0.85,2
265703,58.3,39.3,54.0,1440,1584,3442,8,1.8,79.4,3,1.2,12.6,25.4,0.0,8.3,806.0,47.0,-539.0,3687.0,11,0.85,2
267863,57.9,39.2,54.0,1440,1584,3442,8,1.6,79.4,3,1.1,12.6,24.2,0.0,8.3,949.2,47.0,-479.0,3687.0,11,0.85,2
269879,58.3,39.2,53.6,1440,1584,3442,8,1.6,79.4,3,1.1,12.8,23.1,0.0,8.3,909.9,47.0,-678.0,3687.0,11,0.85,2
271899,58.3,39.2,53.6,1440,1584,3442,8,1.6,79.4,3,1.2,12.7,25.1,0.0,8.3,849.7,47.0,-364.0,3687.0,11,0.85,2
273938,57.9,39.2,53.2,1440,1584,3442,8,1.7,79.4,3,1.0,12.9,45.6,0.0,8.3,956.2,47.0,-460.0,3687.0,11,0.85,2
275974,58.7,39.2,54.0,1440,1584,3442,8,1.6,79.4,3,1.1,12.7,224.9,0.0,8.3,899.1,47.0,-458.0,3687.0,11,0.85,2
277989,58.7,39.2,54.0,1440,1584,3442,8,1.7,79.5,3,1.1,12.3,44.2,0.0,8.3,905.8,47.0,-490.0,3687.0,11,0.85,2
280041,58.3,39.2,53.6,1440,1584,3442,8,1.7,79.5,3,1.0,12.4,42.7,0.0,8.3,1006.5,47.0,-421.0,3687.0,11,0.85,2
282108,58.7,39.2,53.2,1440,1584,3442,8,1.6,79.5,3,1.0,11.9,46.7,0.0,8.3,985.4,47.0,-398.0,3687.0,11,0.85,2
284136,58.7,39.2,54.0,1440,1584,3442,8,1.7,79.5,3,1.1,12.1,22.6,0.0,8.3,900.9,47.0,-466.0,3687.0,11,0.85,2
286159,59.0,39.2,53.6,1440,1584,3442,8,1.8,79.5,3,1.0,12.4,49.3,0.0,8.3,955.3,47.0,-563.0,3687.0,11,0.85,2
288210,57.9,39.2,52.9,1440,1584,3442,8,0.0,79.5,3,1.1,12.6,38.2,0.0,8.3,898.2,47.0,-61.0,3687.0,11,0.85,2
290224,57.9,39.2,53.2,1440,1584,3442,8,2.0,79.5,3,1.1,12.6,134.3,0.0,8.3,910.2,47.0,-364.0,3687.0,11,0.85,2
292241,57.5,39.2,53.2,1440,1584,3442,8,1.6,79.5,3,1.2,12.6,39.7,0.0,8.3,849.7,47.0,-314.0,3687.0,11,0.85,2
294263,57.9,39.2,53.2,1440,1584,3442,8,1.6,79.5,3,1.1,12.6,39.7,0.0,8.3,896.9,47.0,-362.0,3687.0,11,0.85,2
296318,57.5,39.1,53.2,1440,1584,3442,8,1.7,79.5,3,1.1,9.1,45.2,0.0,8.3,950.6,47.0,-353.0,3687.0,11,0.85,2
298362,57.9,39.1,53.2,1440,1584,3442,8,1.6,79.5,3,1.0,5.7,28.9,0.0,8.3,966.1,47.0,-448.0,3687.0,11,0.85,2
300379,57.5,39.1,52.9,1440,1584,3442,8,1.6,79.5,3,1.0,9.2,28.9,0.0,8.3,962.8,47.0,-450.0,3687.0,11,0.85,2
302532,57.5,39.1,53.2,1440,1584,3442,8,1.8,79.5,3,1.1,10.8,25.2,0.0,8.3,896.4,47.0,-512.0,3687.0,11,0.85,2
304555,57.5,39.1,53.2,1440,1584,3442,8,1.7,79.5,3,1.0,11.5,38.1,0.0,8.3,956.4,47.0,-450.0,3687.0,11,0.85,2
306603,58.3,39.1,54.0,1584,1584,3442,8,6.8,79.5,3,1.0,11.6,85.8,0.0,8.3,1016.0,47.0,-556.0,3687.0,11,0.85,2
308646,58.3,39.1,54.0,1440,1584,3442,8,1.7,79.5,3,1.0,11.6,36.6,0.0,8.3,1019.5,47.0,-500.0,3687.0,11,0.85,2
310663,57.5,39.1,53.2,1440,1584,3442,8,1.7,79.5,3,1.1,11.6,160.5,0.0,8.3,908.9,47.0,-304.0,3687.0,11,0.85,2
312711,57.5,39.1,53.2,1440,1584,3442,8,1.6,79.5,3,1.2,11.6,58.5,0.0,8.3,848.4,47.0,-362.0,3687.0,11,0.85,2
314909,56.7,39.1,52.9,1584,1584,3442,8,1.7,79.5,3,1.0,8.4,41.5,0.0,8.3,966.1,47.0,-242.0,3687.0,11,0.85,2
317082,58.7,39.1,53.2,1584,1584,3442,8,1.8,79.5,3,1.0,7.9,35.4,0.0,8.3,975.1,47.0,-649.0,3693.0,11,0.85,2
319144,57.5,39.1,52.5,1584,1584,3442,8,5.6,79.5,3,1.2,10.6,24.3,0.0,8.3,828.2,47.0,-271.0,3693.0,11,0.85,2
321169,58.3,39.1,53.2,1440,1584,3442,8,16.9,79.5,3,1.1,11.5,24.1,0.0,8.3,916.9,47.0,-339.0,3693.0,11,0.85,2
323229,56.3,39.1,52.5,1440,1584,3442,8,0.0,79.5,3,1.2,12.5,25.9,0.0,8.3,858.5,47.0,-230.0,3693.0,11,0.85,2
325294,56.3,39.1,52.1,1440,1584,3442,8,0.0,79.5,3,1.2,13.1,30.0,0.0,8.3,860.2,47.0,-253.0,3693.0,11,0.85,2
327374,55.6,39.2,51.7,1440,1584,3442,8,0.0,79.5,3,1.2,13.1,28.5,0.0,8.3,827.6,47.0,-324.0,3693.0,11,0.85,2
329392,56.3,39.2,52.1,1440,1584,3442,8,7.5,79.5,3,1.2,12.9,25.5,0.0,8.3,831.2,47.0,-322.0,3693.0,11,0.85,2
331407,57.9,39.2,53.2,1584,1584,3442,8,9.8,79.5,3,1.1,12.9,23.4,0.0,8.3,896.0,47.0,-596.0,3693.0,11,0.85,2
333439,57.5,39.2,52.9,1440,1584,3442,8,1.7,79.5,3,1.1,12.9,122.5,0.0,8.3,895.1,47.0,-427.0,3693.0,11,0.85,2
335465,57.1,39.2,52.5,1440,1584,3442,8,1.6,79.5,3,1.2,13.0,24.6,0.0,8.3,856.0,47.0,-303.0,3693.0,11,0.85,2
337505,57.5,39.2,52.5,1440,1584,3442,8,1.7,79.5,3,1.0,13.0,49.1,0.0,8.3,954.4,47.0,-336.0,3693.0,11,0.85,2
339518,57.1,39.2,52.1,1440,1584,3442,8,1.6,79.6,3,1.2,13.0,22.4,0.0,8.3,814.8,47.0,-261.0,3693.0,11,0.85,2
341600,57.1,39.2,52.1,1440,1584,3442,8,1.6,79.6,3,1.1,10.7,25.2,0.0,8.3,947.3,47.0,-281.0,3693.0,11,0.85,2
343779,56.3,39.2,52.5,1440,1584,3442,8,1.7,79.6,3,1.2,11.7,34.9,0.0,8.3,834.8,47.0,-241.0,3693.0,11,0.85,2
345806,56.7,39.2,52.5,1584,1584,3442,8,1.6,79.6,3,1.1,12.4,35.0,0.0,8.3,915.8,47.0,-453.0,3693.0,11,0.85,2
347821,61.0,39.1,55.2,1550,1584,3442,8,66.8,79.6,3,1.1,10.1,25.4,0.0,8.3,900.0,47.0,-531.0,3693.0,11,0.85,2
350149,58.3,39.2,53.6,1440,1584,3442,8,2.4,79.6,3,1.1,10.1,22.7,0.0,8.3,875.8,47.0,-222.0,3693.0,11,0.85,2
352174,57.9,39.2,52.9,1440,1584,3442,8,1.7,79.6,3,1.0,10.1,29.4,0.0,8.3,954.5,47.0,-277.0,3693.0,11,0.85,2
354282,57.9,39.1,52.5,1440,1584,3442,8,1.6,79.6,3,1.2,10.1,39.0,0.0,8.3,851.8,47.0,-527.0,3693.0,11,0.85,2
356302,57.9,39.1,52.9,1440,1584,3442,8,1.6,79.6,3,1.1,8.8,51.0,0.0,8.3,938.2,47.0,-597.0,3693.0,11,0.85,2
358339,58.3,39.1,53.2,1469,1584,3442,8,1.7,79.6,3,1.1,10.7,328.7,0.0,8.3,898.7,47.0,-387.0,3693.0,11,0.85,2
360717,58.3,39.1,52.9,1440,1584,3442,8,1.6,79.6,3,1.0,11.4,23.7,0.0,8.3,956.7,47.0,-437.0,3693.0,11,0.85,2
362787,57.5,39.1,52.5,1440,1584,3442,8,5.0,79.6,3,1.1,12.0,23.5,0.0,8.3,906.3,47.0,-317.0,3693.0,11,0.85,2
364803,58.3,39.1,53.2,1584,1584,3442,8,1.8,79.6,3,1.1,12.5,319.0,0.0,8.3,919.6,47.0,-520.0,3693.0,11,0.85,2
366840,57.9,39.1,53.2,1440,1584,3442,8,2.0,79.6,3,1.0,12.2,38.9,0.0,8.3,1008.0,47.0,-408.0,3693.0,11,0.85,2
368915,57.5,39.1,52.9,1440,1584,3442,8,1.8,79.6,3,1.0,12.1,36.4,0.0,8.3,958.1,47.0,-509.0,3693.0,11,0.85,2
370936,58.3,39.1,53.2,1440,1584,3442,8,1.6,79.6,3,1.0,12.3,29.5,0.0,8.3,976.5,47.0,-503.0,3693.0,11,0.85,2
373019,57.9,39.1,53.2,1526,1584,3442,8,1.7,79.6,3,1.0,12.0,29.3,0.0,8.3,1011.5,47.0,-378.0,3693.0,11,0.85,2
375072,57.9,39.1,53.2,1584,1584,3442,8,1.6,79.7,3,1.1,12.0,35.1,0.0,8.3,924.0,47.0,-464.0,3690.0,11,0.85,2
377086,58.7,39.1,53.6,1584,1584,3442,8,1.7,79.6,3,1.1,12.3,28.2,0.0,8.3,912.9,47.0,-427.0,3690.0,11,0.85,2
379122,57.9,39.1,53.2,1440,1584,3442,8,1.6,79.6,3,1.1,12.4,35.8,0.0,8.3,895.1,47.0,-427.0,3690.0,11,0.85,2
381138,58.7,39.1,54.0,1440,1584,3442,8,1.6,79.6,3,1.0,12.6,51.6,0.0,8.3,959.1,47.0,-603.0,3690.0,11,0.85,2
383156,57.9,39.1,53.2,1440,1584,3442,8,1.6,79.6,3,1.2,12.5,24.1,0.0,8.3,847.6,47.0,-519.0,3690.0,11,0.85,2
385193,58.7,39.1,53.6,1440,1584,3442,8,1.6,79.7,3,0.9,12.4,27.6,0.0,8.3,1154.3,47.0,-654.0,3690.0,11,0.85,2
387247,64.5,39.1,56.0,2009,2040,3442,8,21.5,79.6,3,1.1,12.4,28.4,0.0,8.3,904.9,47.0,-1291.0,3690.0,11,0.85,2
389328,66.0,39.1,57.5,1925,2040,3442,8,60.7,79.7,3,1.0,8.9,28.7,0.0,8.3,980.2,47.0,-916.0,3690.0,11,0.85,2
391436,69.0,39.1,58.3,2040,2040,3442,8,58.6,79.7,3,1.2,6.3,24.7,0.0,8.3,821.6,47.0,-1951.0,3690.0,11,0.85,2
393455,63.7,39.1,57.1,1440,1584,3442,8,30.9,79.7,3,1.2,7.0,43.3,0.0,8.3,842.8,47.0,-496.0,3690.0,11,0.85,2
395472,59.8,39.1,54.8,1550,1584,3442,8,11.0,79.6,3,1.2,6.0,23.6,0.0,8.3,850.1,47.0,-428.0,3690.0,11,0.85,2
397596,59.8,39.1,54.4,1440,1584,3442,8,11.9,79.6,3,1.1,6.0,105.4,0.0,8.3,950.1,47.0,-559.0,3690.0,11,0.85,2
399614,58.7,39.1,54.0,1440,1584,3442,8,15.3,79.6,3,1.2,6.0,54.7,0.0,8.3,850.0,47.0,-554.0,3690.0,11,0.85,2
401749,58.3,39.1,52.9,1440,1584,3442,8,12.5,79.6,3,1.1,6.0,99.0,0.0,8.3,950.6,47.0,-226.0,3690.0,11,0.85,2
403762,57.5,39.1,52.9,1440,1584,3442,8,11.0,79.6,3,1.2,3.5,90.3,0.0,8.3,811.0,47.0,-454.0,3690.0,11,0.85,2
405778,58.7,39.1,53.2,1440,1584,3442,8,16.0,79.6,3,1.1,5.5,79.8,0.0,8.3,948.7,47.0,-701.0,3690.0,11,0.85,2
407805,57.9,39.2,53.2,1440,1584,3442,8,20.5,79.6,3,1.2,7.7,33.8,0.0,8.3,806.0,47.0,-360.0,3690.0,11,0.85,2
409852,58.7,39.1,53.2,1440,1584,3442,8,15.0,79.6,3,1.1,10.1,40.2,0.0,8.3,915.1,47.0,-276.0,3690.0,11,0.85,2
411869,57.5,39.2,52.9,1440,1584,3442,8,11.0,79.6,3,1.2,11.5,25.5,0.0,8.3,848.8,47.0,-425.0,3690.0,11,0.85,2
413952,57.9,39.2,53.6,1440,1584,3442,8,11.4,79.6,3,1.2,12.3,81.2,0.0,8.3,848.4,47.0,-434.0,3690.0,11,0.85,2
416075,57.9,39.2,53.6,1512,1584,3442,8,17.0,79.6,3,1.0,12.6,69.0,0.0,8.3,1042.0,47.0,-753.0,3690.0,11,0.85,2
418109,57.5,39.2,53.2,1440,1584,3442,8,12.5,79.6,3,1.2,12.6,31.1,0.0,8.3,849.2,47.0,-281.0,3690.0,11,0.85,2
420188,57.1,39.2,52.9,1440,1584,3442,8,8.7,79.6,3,1.1,10.8,70.1,0.0,8.3,904.4,47.0,-347.0,3690.0,11,0.85,2
422248,57.9,39.2,53.6,1440,1584,3442,8,14.6,79.6,3,1.2,8.8,49.7,0.0,8.3,831.6,47.0,-799.0,3690.0,11,0.85,2
424364,57.9,39.2,53.2,1584,1584,3442,8,20.6,79.7,3,1.2,9.5,30.6,0.0,8.3,826.8,47.0,-352.0,3690.0,11,0.85,2
426382,66.3,39.2,57.1,2011,2011,3442,8,54.6,79.7,3,1.2,10.9,44.5,0.0,8.3,802.3,47.0,-932.0,3690.0,11,0.85,2
428397,61.4,39.2,55.6,1886,2011,3442,8,0.0,79.7,3,1.7,12.8,30.3,0.0,8.3,598.5,47.0,-863.0,3690.0,11,0.85,2
430418,63.6,39.2,56.3,2011,2011,3442,8,0.0,79.7,3,1.6,13.9,24.5,0.0,8.3,620.0,47.0,-828.0,3690.0,11,0.85,2
432445,58.7,39.2,54.4,2011,2011,3442,8,0.0,79.7,3,8.2,8.6,28.4,0.0,8.3,121.4,47.0,-151.0,3690.0,0,0.40,0
434456,57.9,39.2,53.6,2011,2011,3442,8,0.0,79.7,3,12.2,4.5,34.3,0.0,8.3,81.7,47.0,-271.0,3690.0,0,0.40,0
436468,57.9,39.2,52.9,2011,2011,3442,8,0.0,79.7,3,12.0,2.5,31.2,0.0,8.3,83.4,47.0,-235.0,3689.0,0,0.40,0
438480,59.4,39.1,53.2,2011,2011,3442,8,0.0,79.7,3,12.5,1.5,58.9,0.0,8.3,80.1,47.0,-496.0,3689.0,3,0.45,0
440492,60.2,39.1,53.2,2011,2011,3442,8,0.0,79.7,3,12.6,1.0,38.5,0.0,8.3,79.6,47.0,-427.0,3689.0,3,0.49,0
442504,60.6,39.1,53.2,2011,2011,3442,8,4.8,79.7,3,12.8,0.8,28.3,0.0,8.3,78.1,47.0,-363.0,3689.0,3,0.51,0
444519,60.2,39.1,53.2,2011,2011,3442,8,0.0,79.7,3,13.0,0.7,33.4,0.0,8.3,77.1,47.0,-333.0,3689.0,3,0.52,0
446530,59.4,39.1,53.6,2011,2011,3442,8,0.0,79.7,3,13.1,0.7,40.1,0.0,8.3,76.4,47.0,-298.0,3689.0,3,0.53,0
448544,58.7,39.1,52.9,2011,2011,3442,8,0.0,79.7,3,13.0,0.6,34.3,0.0,8.3,76.7,47.0,-245.0,3689.0,3,0.54,0
450557,57.5,39.1,52.1,2011,2011,3442,8,0.0,79.7,3,12.8,0.6,39.3,0.0,8.3,78.1,47.0,-217.0,3689.0,3,0.54,0
452568,57.4,39.1,52.5,2011,2011,3442,8,0.0,79.7,3,12.5,0.6,34.2,0.0,8.3,80.1,47.0,-224.0,3689.0,3,0.55,0
454580,57.5,39.1,52.5,2011,2011,3442,8,0.0,79.8,3,13.0,0.6,22.9,0.0,8.3,77.0,47.0,-243.0,3689.0,3,0.55,0
456594,57.4,39.1,52.1,2011,2011,3442,8,0.0,79.8,3,12.8,0.6,45.3,0.0,8.3,77.8,47.0,-260.0,3689.0,3,0.55,0
458604,57.7,39.1,52.1,2011,2011,3442,8,0.0,79.8,3,12.9,0.6,51.0,0.0,8.3,77.7,47.0,-260.0,3689.0,3,0.55,0
460616,57.1,39.1,51.7,2011,2011,3442,8,0.0,79.8,3,12.7,0.6,30.4,0.0,8.3,78.5,47.0,-220.0,3689.0,3,0.55,0
462625,57.9,39.1,52.1,2011,2011,3442,8,0.0,79.8,3,12.7,0.6,25.1,0.0,8.3,78.8,47.0,-268.0,3689.0,3,0.55,0
464639,57.1,39.0,52.1,2011,2011,3442,8,0.0,79.9,3,12.4,0.6,39.7,0.0,8.3,80.5,47.0,-295.0,3689.0,3,0.55,0
466657,57.1,39.0,51.7,1714,2011,3442,8,0.0,79.9,3,13.3,0.6,27.9,0.0,8.3,75.3,47.0,-198.0,3689.0,3,0.55,0
468674,56.3,39.0,51.7,1613,2011,3442,8,0.0,79.9,3,11.9,0.6,24.2,0.0,8.3,83.7,47.0,-272.0,3689.0,3,0.55,0
470698,56.3,39.0,51.7,1728,2011,3442,8,0.0,79.9,3,11.7,0.6,39.3,0.0,7.8,85.7,47.0,-155.0,3689.0,3,0.55,0
472716,57.9,39.0,52.1,2011,2011,3442,8,0.0,80.0,3,12.3,0.6,34.6,0.0,7.8,81.0,47.0,-297.0,3689.0,3,0.55,0
474727,57.7,39.0,51.7,2011,2011,3442,8,6.1,80.0,3,12.2,0.6,27.9,0.0,7.8,81.8,47.0,-292.0,3689.0,3,0.55,0
42,49.8,38.6,46.7,1368,2011,3442,8,0.0,80.7,2,129.0,0.0,-1.0,-1.0,7.8,7.8,47.0,-153.0,3709.0,0,0.00,0
2025,52.1,38.6,47.1,1714,2011,3442,8,0.0,80.7,2,8.9,0.6,28.4,0.0,7.8,112.1,47.0,-61.0,3709.0,-1,0.40,0
4040,51.3,38.6,47.8,1714,2011,3442,8,0.0,80.7,2,11.9,0.6,30.5,0.0,7.8,84.3,47.0,-31.0,3709.0,0,0.40,0
6061,52.1,38.5,47.8,1714,2011,3442,8,0.0,80.7,2,11.9,0.6,31.4,0.0,7.8,83.9,47.0,-129.0,3709.0,0,0.40,0
8072,52.5,38.5,47.5,1714,2011,3442,8,19.0,80.8,2,12.2,0.6,25.1,0.0,7.8,82.2,47.0,-221.0,3709.0,0,0.40,0
10084,51.7,38.5,47.1,1714,2011,3442,8,0.0,80.8,2,11.9,0.6,33.5,0.0,7.8,83.8,47.0,-97.0,3709.0,0,0.40,0
12097,52.1,38.5,47.5,1714,2011,3442,8,0.0,80.8,2,12.0,0.6,24.4,0.0,7.8,83.1,47.0,-69.0,3709.0,0,0.40,0
14107,51.7,38.5,47.5,1714,2011,3442,8,0.0,80.8,2,12.4,0.6,38.9,0.0,7.8,80.8,47.0,-131.0,3709.0,0,0.40,0
16121,52.1,38.5,47.1,1714,2011,3442,8,0.0,80.8,2,12.3,0.6,26.0,0.0,7.8,81.6,47.0,-114.0,3709.0,0,0.40,0
18130,50.5,38.5,47.5,1714,2011,3442,8,0.0,80.8,2,11.5,0.6,38.8,0.0,7.8,86.6,47.0,-54.0,3709.0,0,0.40,0
20146,50.5,38.4,47.1,1627,2011,3442,8,0.0,80.8,2,11.6,0.6,27.0,0.0,7.8,86.1,47.0,-44.0,3709.0,0,0.40,0
22162,51.7,38.4,47.5,1714,2011,3442,8,0.0,80.8,2,11.6,0.6,29.9,0.0,7.8,85.9,47.0,-31.0,3709.0,0,0.40,0
24181,50.5,38.4,47.5,1166,2011,3442,8,0.0,80.8,2,11.6,0.6,33.8,0.0,7.8,86.1,47.0,31.0,3709.0,0,0.40,0
26191,51.3,38.4,47.1,1714,2011,3442,8,0.0,80.9,2,11.7,0.6,32.6,0.0,7.8,85.8,47.0,-60.0,3709.0,0,0.40,0
28204,50.9,38.4,47.1,1714,2011,3442,8,0.0,80.9,2,11.7,0.6,28.5,0.0,7.8,85.2,47.0,-20.0,3709.0,0,0.40,0
30215,51.3,38.4,47.5,1714,2011,3442,8,0.0,80.9,2,12.1,0.6,26.4,0.0,7.8,83.0,47.0,-140.0,3709.0,0,0.40,0
32229,52.1,38.4,47.5,1714,2011,3442,8,0.0,81.0,2,12.2,0.6,43.9,0.0,7.8,81.8,47.0,-86.0,3706.0,0,0.40,0
34241,51.3,38.4,47.5,1714,2011,3442,8,0.0,81.0,2,12.2,0.6,40.4,0.0,7.8,82.1,47.0,-17.0,3706.0,0,0.40,0
36253,51.7,38.3,47.8,2011,2011,3442,8,0.0,81.0,2,11.8,0.6,25.9,0.0,7.8,84.7,47.0,-74.0,3706.0,0,0.40,0
38267,52.5,38.3,48.2,2011,2011,3442,8,0.0,81.0,2,11.9,0.6,28.2,0.0,7.8,84.4,47.0,-184.0,3706.0,0,0.40,0
40280,52.9,38.3,48.6,1738,2011,3442,8,21.9,81.0,2,11.5,0.6,36.4,0.0,7.8,87.1,47.0,-156.0,3706.0,0,0.40,0
42331,56.7,38.3,50.5,1742,2011,3442,8,0.0,81.0,2,1.8,0.6,35.4,0.0,7.8,556.1,47.0,-261.0,3706.0,11,0.85,2
44346,57.0,38.3,50.5,2011,2011,3442,8,0.0,81.1,2,1.5,0.6,37.9,0.0,7.8,655.7,47.0,-430.0,3706.0,-1,0.85,2
46359,57.4,38.2,50.9,2011,2011,3442,8,0.0,81.1,2,1.9,0.6,38.3,0.0,7.8,536.8,47.0,-411.0,3706.0,11,0.85,2
48410,58.3,38.2,50.9,1742,2011,3442,8,0.0,81.1,2,1.6,0.6,43.8,0.0,7.8,644.5,47.0,-431.0,3706.0,11,0.85,2
50424,57.5,38.2,50.9,2011,2011,3442,8,0.0,81.0,2,1.8,0.6,35.4,0.0,7.8,546.9,47.0,-482.0,3706.0,11,0.85,2
357,55.2,38.2,48.6,2011,2011,3442,8,0.0,81.0,2,129.0,0.0,74.4,0.0,7.8,7.8,47.0,-729.0,3706.0,0,0.00,0
2345,57.9,38.2,50.2,2011,2011,3442,8,0.0,81.0,2,1.3,10.2,72.2,0.0,7.8,749.1,47.0,-616.0,3706.0,11,0.85,2
4569,59.3,38.2,50.9,2011,2011,3442,8,16.1,81.0,2,1.9,12.1,65.9,0.0,7.8,520.0,47.0,-704.0,3706.0,11,0.85,2
6594,59.7,38.2,51.7,2011,2011,3442,8,0.0,81.0,2,1.7,13.0,30.0,0.0,7.8,573.9,47.0,-417.0,3706.0,11,0.85,2
8702,60.1,38.2,51.7,2011,2011,3442,8,0.0,81.0,2,1.5,13.6,28.9,0.0,7.8,648.0,47.0,-827.0,3706.0,11,0.85,2
10724,54.8,38.2,51.7,1008,2011,3442,8,0.0,81.0,2,1.7,13.8,28.8,0.0,7.8,603.7,47.0,-425.0,3706.0,11,0.85,2
12783,60.1,38.2,52.5,2011,2011,3442,8,0.0,81.0,2,1.7,13.9,29.5,0.0,7.8,599.4,47.0,-719.0,3706.0,11,0.85,2
14826,67.4,38.2,55.6,2069,2069,3442,8,26.1,81.0,2,1.5,13.4,28.1,0.0,7.8,685.7,47.0,-1708.0,3706.0,11,0.85,2
16845,61.0,38.2,55.2,1440,1651,3442,8,51.7,81.0,2,1.2,12.6,29.4,0.0,7.8,860.2,47.0,-396.0,3706.0,11,0.85,2
18872,58.3,38.2,52.9,1440,1651,3442,8,12.0,81.0,2,1.2,11.6,23.3,0.0,7.8,808.0,47.0,-380.0,3706.0,11,0.85,2
20915,57.1,38.2,52.5,1440,1651,3442,8,10.7,81.0,2,1.1,12.4,78.2,0.0,7.8,901.3,47.0,-603.0,3706.0,11,0.85,2
22962,57.5,38.2,52.5,1440,1651,3442,8,18.5,80.9,2,1.1,12.4,35.6,0.0,7.8,870.3,47.0,-582.0,3706.0,11,0.85,2
24983,57.5,38.2,52.5,1440,1651,3442,8,12.5,80.9,2,1.1,8.9,70.9,0.0,7.8,900.4,47.0,-427.0,3706.0,11,0.85,2
27001,56.0,38.2,52.1,1440,1651,3442,8,5.4,80.9,2,1.1,6.3,24.7,0.0,7.8,895.6,47.0,-807.0,3706.0,11,0.85,2
29036,56.0,38.2,51.3,1651,1651,3442,8,12.5,80.8,2,1.2,6.2,79.5,0.0,7.8,812.8,47.0,-779.0,3706.0,11,0.85,2
31053,56.0,38.2,52.1,1440,1651,3442,8,20.8,80.8,2,1.2,8.1,40.3,0.0,7.8,808.4,47.0,-393.0,3706.0,11,0.85,2
33194,55.6,38.2,51.7,1440,1651,3442,8,20.1,80.8,2,1.1,10.4,24.1,0.0,7.8,949.6,47.0,-393.0,3706.0,11,0.85,2
35240,62.8,38.2,55.2,2069,2069,3442,8,47.1,80.8,2,1.4,11.2,26.7,0.0,7.8,712.7,47.0,-915.0,3675.0,11,0.85,2
37253,64.7,38.2,55.2,2390,2390,3442,8,0.0,80.8,2,1.8,12.9,23.2,0.0,7.8,564.7,47.0,-980.0,3675.0,11,0.85,2
39266,64.7,38.2,55.6,2390,2390,3442,8,0.0,80.8,2,1.9,14.4,29.9,0.0,7.8,519.2,47.0,-894.0,3675.0,11,0.85,2
144,50.8,37.7,45.1,2390,2390,3442,8,0.0,81.6,2,0.0,0.0,-1.0,-1.0,7.8,33.3,47.0,-803.0,3710.0,-1,1.00,0
2199,59.8,37.7,49.0,2390,2390,3442,8,0.0,81.6,2,1.9,0.0,-1.0,-1.0,7.8,535.5,47.0,-633.0,3710.0,-1,1.00,0
4205,60.5,37.7,49.8,2390,2390,3442,8,0.0,81.6,2,1.9,0.0,-1.0,-1.0,7.8,513.5,47.0,-691.0,3710.0,-1,1.00,0
6227,61.2,37.7,50.2,2390,2390,3442,8,0.0,81.6,2,2.0,0.0,-1.0,-1.0,7.8,501.5,47.0,-446.0,3710.0,-1,1.00,0
8300,61.6,37.7,50.5,2390,2390,3442,8,0.0,81.6,2,1.9,0.0,-1.0,-1.0,7.8,521.8,47.0,-415.0,3710.0,-1,1.00,0
10309,61.7,37.7,50.9,2390,2390,3442,8,0.0,81.6,2,1.9,0.0,-1.0,-1.0,7.8,535.0,47.0,-635.0,3710.0,-1,1.00,0
12334,66.3,37.7,53.2,2184,2184,3442,8,36.1,81.6,2,1.7,0.0,-1.0,-1.0,7.8,596.1,47.0,-1184.0,3710.0,-1,1.00,0
14349,72.1,37.7,54.4,2184,2184,3442,8,29.7,81.6,2,1.2,0.0,-1.0,-1.0,7.8,809.2,47.0,-2169.0,3710.0,-1,1.00,0
16480,59.4,37.7,51.7,1627,1838,3442,8,13.1,81.6,2,1.2,0.0,-1.0,-1.0,7.8,849.3,47.0,-224.0,3710.0,-1,1.00,0
18506,58.7,37.7,50.5,1838,1838,3442,8,14.0,81.5,2,1.2,0.0,-1.0,-1.0,7.8,851.2,47.0,-485.0,3710.0,-1,1.00,0
20559,55.6,37.7,49.4,1627,1838,3442,8,16.7,81.5,2,1.0,0.0,-1.0,-1.0,7.8,954.4,47.0,-10.0,3710.0,-1,1.00,0
22632,62.8,37.7,53.2,2069,2184,3442,8,27.8,81.5,2,1.0,0.0,-1.0,-1.0,7.8,965.2,47.0,-1074.0,3710.0,-1,1.00,0
24641,61.7,37.7,53.6,2054,2390,3442,8,9.3,81.5,2,1.7,0.0,-1.0,-1.0,7.8,592.6,47.0,-464.0,3710.0,-1,1.00,0
26666,63.2,37.6,52.9,2390,2390,3442,8,0.0,81.4,2,1.7,0.0,-1.0,-1.0,7.8,573.7,47.0,-726.0,3710.0,-1,1.00,0
28673,64.0,37.7,53.2,2390,2390,3442,8,0.0,81.4,2,2.2,0.0,-1.0,-1.0,7.8,450.0,47.0,-660.0,3710.0,-1,1.00,0
30682,64.7,37.7,54.0,2390,2390,3442,8,0.0,81.4,2,2.1,0.0,-1.0,-1.0,7.8,486.5,47.0,-788.0,3710.0,-1,1.00,0
33003,64.8,37.6,54.0,2390,2390,3442,8,0.0,81.3,2,2.0,0.0,-1.0,-1.0,7.8,502.3,47.0,-679.0,3710.0,-1,1.00,0
35010,64.7,37.6,54.0,2390,2390,3442,8,0.0,81.3,2,2.2,0.0,-1.0,-1.0,7.8,464.2,47.0,-703.0,3710.0,-1,1.00,0
37022,64.7,37.6,54.0,2390,2390,3442,8,0.0,81.3,2,2.1,0.0,-1.0,-1.0,7.8,486.5,47.0,-661.0,3710.0,-1,1.00,0
39974,67.1,37.6,54.0,2390,2390,3442,8,0.0,81.2,2,2.1,0.0,-1.0,-1.0,7.8,473.4,47.0,-687.0,3710.0,-1,1.00,0
41984,65.1,37.6,54.0,2390,2390,3442,8,0.0,81.2,2,2.1,0.0,-1.0,-1.0,7.8,471.1,47.0,-631.0,3710.0,-1,1.00,0
44042,65.5,37.6,54.8,2390,2390,3442,8,0.0,81.2,2,2.1,0.0,-1.0,-1.0,7.8,486.8,47.0,-733.0,3710.0,-1,1.00,0
46078,65.5,37.6,54.8,2390,2390,3442,8,0.0,81.1,2,2.1,0.0,-1.0,-1.0,7.8,484.7,47.0,-723.0,3710.0,-1,1.00,0
48086,65.6,37.6,54.4,2390,2390,3442,8,0.0,81.1,2,2.2,0.0,-1.0,-1.0,7.8,464.9,47.0,-596.0,3710.0,-1,1.00,0
50094,65.5,37.6,54.8,2390,2390,3442,8,0.0,81.1,2,2.1,0.0,-1.0,-1.0,7.8,472.5,47.0,-619.0,3710.0,-1,1.00,0
52470,65.5,37.6,54.8,2390,2390,3442,8,0.0,81.0,2,2.0,0.0,-1.0,-1.0,7.8,502.0,47.0,-726.0,3710.0,-1,1.00,0
54483,65.9,37.6,54.8,2390,2390,3442,8,0.0,81.0,2,2.2,0.0,-1.0,-1.0,7.8,464.2,47.0,-652.0,3678.0,-1,1.00,0
57186,65.9,37.6,55.2,2390,2390,3442,8,0.0,81.0,2,2.1,0.0,-1.0,-1.0,7.8,487.5,47.0,-732.0,3678.0,-1,1.00,0
59197,65.5,37.6,54.8,2390,2390,3442,8,0.0,80.9,2,2.1,0.0,-1.0,-1.0,7.8,470.1,47.0,-726.0,3678.0,-1,1.00,0
61205,66.7,37.6,55.2,2390,2390,3442,8,0.0,80.9,2,2.1,0.0,-1.0,-1.0,7.8,472.9,47.0,-680.0,3678.0,-1,1.00,0
63258,66.3,37.6,54.8,2390,2390,3442,8,0.0,80.9,2,2.0,0.0,-1.0,-1.0,7.8,502.3,47.0,-733.0,3678.0,-1,1.00,0
65266,62.1,37.6,54.0,2011,2011,3442,8,1.0,80.9,2,1.9,0.0,-1.0,-1.0,7.8,513.0,47.0,-426.0,3678.0,-1,1.00,0
67283,61.0,37.6,53.2,2011,2011,3442,8,0.0,80.9,2,1.7,0.0,-1.0,-1.0,7.8,595.0,47.0,-445.0,3678.0,-1,1.00,0
69667,61.4,37.6,52.9,2011,2011,3442,8,0.0,80.9,2,1.8,0.0,-1.0,-1.0,7.8,556.4,47.0,-416.0,3678.0,-1,1.00,0
71680,60.5,37.6,52.9,2011,2011,3442,8,0.0,80.9,2,1.7,0.0,-1.0,-1.0,7.8,578.2,47.0,-464.0,3678.0,-1,1.00,0
73689,60.2,37.6,52.5,2011,2011,3442,8,0.0,80.8,2,1.9,0.0,-1.0,-1.0,7.8,519.5,47.0,-318.0,3678.0,-1,1.00,0
76500,60.2,37.5,52.5,2011,2011,3442,8,0.0,80.9,2,1.6,0.0,-1.0,-1.0,7.8,642.9,47.0,-364.0,3678.0,-1,1.00,0
78512,62.9,37.5,52.9,2011,2011,3442,8,0.0,80.8,2,1.8,0.0,-1.0,-1.0,7.8,562.2,47.0,-863.0,3678.0,-1,1.00,0
80520,62.4,37.6,53.2,2011,2011,3442,8,0.0,80.8,2,1.6,0.0,-1.0,-1.0,7.8,618.8,47.0,-436.0,3678.0,-1,1.00,0
82530,62.1,37.5,53.2,2011,2011,3442,8,0.0,80.8,2,1.7,0.0,-1.0,-1.0,7.8,574.0,47.0,-495.0,3678.0,-1,1.00,0
84538,62.9,37.5,53.6,2270,2270,3442,8,12.4,80.8,2,1.6,0.0,-1.0,-1.0,7.8,643.2,47.0,-1091.0,3678.0,-1,1.00,0
86547,60.6,37.5,53.2,2011,2011,3442,8,0.0,80.8,2,1.7,0.0,-1.0,-1.0,7.8,573.7,47.0,-422.0,3678.0,-1,1.00,0
88557,60.6,37.5,52.9,2011,2011,3442,8,0.0,80.8,2,1.7,0.0,-1.0,-1.0,7.8,595.3,47.0,-345.0,3678.0,-1,1.00,0
90566,61.0,37.6,52.5,2011,2011,3442,8,0.0,80.8,2,1.7,0.0,-1.0,-1.0,7.8,574.0,47.0,-401.0,3678.0,-1,1.00,0
92575,60.2,37.5,52.5,2011,2011,3442,8,0.0,80.8,2,1.7,0.0,-1.0,-1.0,7.8,574.3,47.0,-345.0,3678.0,-1,1.00,0
94584,60.5,37.5,52.5,2011,2011,3442,8,0.0,80.8,2,1.8,0.0,-1.0,-1.0,7.8,553.9,47.0,-370.0,3678.0,-1,1.00,0
96593,60.2,37.5,52.9,2011,2011,3442,8,0.0,80.8,2,1.7,0.0,-1.0,-1.0,7.8,595.3,47.0,-334.0,3678.0,-1,1.00,0
98600,61.6,37.6,53.2,2011,2011,3442,8,0.0,80.8,2,1.8,0.0,-1.0,-1.0,7.8,554.2,47.0,-460.0,3678.0,-1,1.00,0
100612,60.2,37.5,52.9,2011,2011,3442,8,0.0,80.8,2,1.7,0.0,-1.0,-1.0,7.8,594.7,47.0,-483.0,3678.0,-1,1.00,0
102623,60.2,37.6,52.5,2011,2011,3442,8,0.0,80.8,2,1.9,0.0,-1.0,-1.0,7.8,536.8,47.0,-469.0,3678.0,-1,1.00,0
104630,61.6,37.6,52.5,2011,2011,3442,8,0.0,80.8,2,1.6,0.0,-1.0,-1.0,7.8,618.5,47.0,-399.0,3678.0,-1,1.00,0
106640,60.2,37.6,52.1,2011,2011,3442,8,0.0,80.8,2,1.9,0.0,-1.0,-1.0,7.8,518.5,47.0,-387.0,3678.0,-1,1.00,0
108701,60.1,37.6,52.1,2011,2011,3442,8,0.0,80.8,2,1.7,0.0,-1.0,-1.0,7.8,595.3,47.0,-441.0,3678.0,-1,1.00,0
110708,60.8,37.6,52.1,2011,2011,3442,8,0.0,80.8,2,1.8,0.0,-1.0,-1.0,7.8,549.3,47.0,-357.0,3678.0,-1,1.00,0
112720,59.8,37.6,52.5,2011,2011,3442,8,0.0,80.8,2,1.7,0.0,-1.0,-1.0,7.8,595.0,47.0,-444.0,3678.0,-1,1.00,0
114729,59.8,37.6,51.7,2011,2011,3442,8,0.0,80.8,2,1.8,0.0,-1.0,-1.0,7.8,554.8,47.0,-448.0,3685.0,-1,1.00,0
116737,59.8,37.6,52.1,2011,2011,3442,8,0.0,80.8,2,1.7,0.0,-1.0,-1.0,7.8,595.3,47.0,-495.0,3685.0,-1,1.00,0
118754,60.2,37.6,52.1,2011,2011,3442,8,0.0,80.8,2,1.8,0.0,-1.0,-1.0,7.8,554.8,47.0,-454.0,3685.0,-1,1.00,0
120763,59.8,37.6,52.1,2011,2011,3442,8,0.0,80.8,2,1.8,0.0,-1.0,-1.0,7.8,555.6,47.0,-373.0,3685.0,-1,1.00,0
122771,59.8,37.6,52.1,2011,2011,3442,8,0.0,80.8,2,1.7,0.0,-1.0,-1.0,7.8,595.3,47.0,-311.0,3685.0,-1,1.00,0
124808,58.9,37.6,51.7,2011,2011,3442,8,0.0,80.8,2,1.7,0.0,-1.0,-1.0,7.8,574.0,47.0,-268.0,3685.0,-1,1.00,0
126816,58.9,37.6,51.7,2011,2011,3442,8,0.0,80.8,2,1.7,0.0,-1.0,-1.0,7.8,581.7,47.0,-281.0,3685.0,-1,1.00,0
128830,58.9,37.6,52.1,2011,2011,3442,8,0.0,80.8,2,1.8,0.0,-1.0,-1.0,7.8,553.9,47.0,-312.0,3685.0,-1,1.00,0
130845,58.7,37.6,52.1,2011,2011,3442,8,0.0,80.8,2,1.7,0.0,-1.0,-1.0,7.8,597.3,47.0,-391.0,3685.0,-1,1.00,0
132853,58.5,37.6,51.7,2011,2011,3442,8,0.0,80.8,2,1.9,0.0,-1.0,-1.0,7.8,519.5,47.0,-413.0,3685.0,-1,1.00,0
134862,58.9,37.6,52.1,2011,2011,3442,8,0.0,80.8,2,1.6,0.0,-1.0,-1.0,7.8,617.8,47.0,-419.0,3685.0,-1,1.00,0
136871,59.3,37.6,52.1,2011,2011,3442,8,0.0,80.8,2,1.9,0.0,-1.0,-1.0,7.8,535.7,47.0,-430.0,3685.0,-1,1.00,0
138879,59.3,37.6,51.7,2011,2011,3442,8,0.0,80.8,2,1.6,0.0,-1.0,-1.0,7.8,618.2,47.0,-420.0,3685.0,-1,1.00,0
140888,58.9,37.7,51.7,2011,2011,3442,8,0.0,80.8,2,1.9,0.0,-1.0,-1.0,7.8,535.5,47.0,-271.0,3685.0,-1,1.00,0
142899,58.5,37.6,51.3,2011,2011,3442,8,0.0,80.8,2,1.6,0.0,-1.0,-1.0,7.8,618.2,47.0,-449.0,3685.0,-1,1.00,0
144907,58.9,37.6,51.7,2011,2011,3442,8,0.0,80.8,2,1.9,0.0,-1.0,-1.0,7.8,536.3,47.0,-328.0,3685.0,-1,1.00,0
146915,61.7,37.7,54.0,2011,2011,3442,8,60.8,80.8,2,1.5,0.0,-1.0,-1.0,7.8,669.7,47.0,-781.0,3685.0,-1,1.00,0
148962,62.1,37.7,54.4,2011,2011,3442,8,0.0,80.8,2,1.7,0.0,-1.0,-1.0,7.8,595.0,47.0,-564.0,3685.0,-1,1.00,0
150977,61.2,37.7,53.2,2011,2011,3442,8,0.0,80.8,2,1.8,0.0,-1.0,-1.0,7.8,565.0,47.0,-500.0,3685.0,-1,1.00,0
152995,59.7,37.7,53.2,2011,2011,3442,8,0.0,80.8,2,1.7,0.0,-1.0,-1.0,7.8,596.4,47.0,-313.0,3685.0,-1,1.00,0
155004,59.7,37.7,53.2,2011,2011,3442,8,0.0,80.8,2,1.8,0.0,-1.0,-1.0,7.8,557.0,47.0,-551.0,3685.0,-1,1.00,0
157013,59.7,37.7,52.5,2011,2011,3442,8,0.0,80.8,2,1.7,0.0,-1.0,-1.0,7.8,595.0,47.0,-495.0,3685.0,-1,1.00,0
159038,59.7,37.7,52.5,2011,2011,3442,8,0.0,80.8,2,1.8,0.0,-1.0,-1.0,7.8,554.2,47.0,-359.0,3685.0,-1,1.00,0
161051,59.3,37.7,52.1,2011,2011,3442,8,0.0,80.8,2,1.7,0.0,-1.0,-1.0,7.8,600.3,47.0,-308.0,3685.0,-1,1.00,0
163059,59.0,37.7,52.1,2011,2011,3442,8,0.0,80.8,2,1.8,0.0,-1.0,-1.0,7.8,555.0,47.0,-436.0,3685.0,-1,1.00,0
165070,59.0,37.7,52.1,2011,2011,3442,8,0.0,80.8,2,1.7,0.0,-1.0,-1.0,7.8,595.3,47.0,-325.0,3685.0,-1,1.00,0
167079,58.9,37.7,51.7,2011,2011,3442,8,0.0,80.8,2,1.8,0.0,-1.0,-1.0,7.8,554.5,47.0,-264.0,3685.0,-1,1.00,0
169087,59.4,37.7,52.1,2011,2011,3442,8,0.0,80.8,2,1.7,0.0,-1.0,-1.0,7.8,574.0,47.0,-554.0,3685.0,-1,1.00,0
171098,59.3,37.7,52.1,2011,2011,3442,8,0.0,80.8,2,1.7,0.0,-1.0,-1.0,7.8,574.0,47.0,-400.0,3685.0,-1,1.00,0
173107,58.7,37.7,51.7,2011,2011,3442,8,0.0,80.8,2,1.8,0.0,-1.0,-1.0,7.8,554.8,47.0,-255.0,3685.0,-1,1.00,0
175116,58.9,37.7,51.7,2011,2011,3442,8,0.0,80.8,2,1.7,0.0,-1.0,-1.0,7.8,595.0,47.0,-274.0,3687.0,-1,1.00,0
177125,58.7,37.8,51.7,2011,2011,3442,8,0.0,80.8,2,1.8,0.0,-1.0,-1.0,7.8,554.2,47.0,-422.0,3687.0,-1,1.00,0
179138,57.5,37.8,51.3,1613,2011,3442,8,7.8,80.8,2,1.6,0.0,-1.0,-1.0,7.8,618.5,47.0,-342.0,3687.0,-1,1.00,0
181176,59.0,37.8,52.1,2011,2011,3442,8,0.0,80.8,2,1.6,0.0,-1.0,-1.0,7.8,619.4,47.0,-428.0,3687.0,-1,1.00,0
183186,58.7,37.8,51.7,2011,2011,3442,8,0.0,80.8,2,1.7,0.0,-1.0,-1.0,7.8,582.0,47.0,-378.0,3687.0,-1,1.00,0
185195,59.0,37.8,52.1,2011,2011,3442,8,0.0,80.8,2,1.7,0.0,-1.0,-1.0,7.8,595.6,47.0,-466.0,3687.0,-1,1.00,0
187205,58.9,37.8,52.1,2011,2011,3442,8,0.0,80.8,2,1.9,0.0,-1.0,-1.0,7.8,535.7,47.0,-433.0,3687.0,-1,1.00,0
189214,59.4,37.8,51.7,2011,2011,3442,8,0.0,80.8,2,1.7,0.0,-1.0,-1.0,7.8,595.9,47.0,-401.0,3687.0,-1,1.00,0
191224,59.0,37.8,51.7,2011,2011,3442,8,0.0,80.8,2,1.8,0.0,-1.0,-1.0,7.8,554.2,47.0,-410.0,3687.0,-1,1.00,0
193254,59.4,37.8,51.7,2011,2011,3442,8,0.0,80.8,2,1.6,0.0,-1.0,-1.0,7.8,618.2,47.0,-454.0,3687.0,-1,1.00,0
195279,59.4,37.8,51.7,2011,2011,3442,8,0.0,80.8,2,1.9,0.0,-1.0,-1.0,7.8,528.3,47.0,-358.0,3687.0,-1,1.00,0
197288,58.5,37.8,51.7,2011,2011,3442,8,0.0,80.8,2,1.7,0.0,-1.0,-1.0,7.8,595.0,47.0,-413.0,3687.0,-1,1.00,0
199297,58.9,37.8,51.7,2011,2011,3442,8,0.0,80.8,2,1.8,0.0,-1.0,-1.0,7.8,554.5,47.0,-415.0,3687.0,-1,1.00,0
201305,58.5,37.8,51.7,2011,2011,3442,8,0.0,80.8,2,1.7,0.0,-1.0,-1.0,7.8,595.0,47.0,-418.0,3687.0,-1,1.00,0
203320,58.7,37.8,51.3,2011,2011,3442,8,0.0,80.8,2,1.8,0.0,-1.0,-1.0,7.8,554.2,47.0,-268.0,3687.0,-1,1.00,0
205328,58.5,37.8,51.7,2011,2011,3442,8,0.0,80.8,2,1.7,0.0,-1.0,-1.0,7.8,596.7,47.0,-397.0,3687.0,-1,1.00,0
207681,58.5,37.8,51.7,2011,2011,3442,8,0.0,80.8,2,1.8,0.0,-1.0,-1.0,7.8,554.2,47.0,-352.0,3687.0,-1,1.00,0
209696,58.5,37.8,51.3,2011,2011,3442,8,0.0,80.8,2,1.7,0.0,-1.0,-1.0,7.8,588.0,47.0,-339.0,3687.0,-1,1.00,0
211709,58.5,37.8,51.7,2011,2011,3442,8,0.0,80.8,2,1.8,0.0,-1.0,-1.0,7.8,556.1,47.0,-413.0,3687.0,-1,1.00,0
213747,58.5,37.8,51.3,2011,2011,3442,8,0.0,80.8,2,1.7,0.0,-1.0,-1.0,7.8,596.1,47.0,-362.0,3687.0,-1,1.00,0
215756,58.5,37.8,51.3,2011,2011,3442,8,0.0,80.8,2,1.8,0.0,-1.0,-1.0,7.8,543.5,47.0,-239.0,3687.0,-1,1.00,0
217765,58.5,37.8,51.3,2011,2011,3442,8,0.0,80.8,2,1.7,0.0,-1.0,-1.0,7.8,595.3,47.0,-492.0,3687.0,-1,1.00,0
219774,58.5,37.8,51.3,2011,2011,3442,8,0.0,80.8,2,1.8,0.0,-1.0,-1.0,7.8,554.5,47.0,-404.0,3687.0,-1,1.00,0
221783,58.9,37.8,51.7,2011,2011,3442,8,0.0,80.8,2,1.7,0.0,-1.0,-1.0,7.8,595.0,47.0,-392.0,3687.0,-1,1.00,0
223792,58.5,37.8,51.7,2011,2011,3442,8,0.0,80.8,2,1.9,0.0,-1.0,-1.0,7.8,536.0,47.0,-379.0,3687.0,-1,1.00,0
225802,59.0,37.8,51.7,2011,2011,3442,8,0.0,80.8,2,1.7,0.0,-1.0,-1.0,7.8,595.3,47.0,-411.0,3687.0,-1,1.00,0
227811,58.7,37.8,51.7,2011,2011,3442,8,0.0,80.8,2,1.8,0.0,-1.0,-1.0,7.8,554.2,47.0,-386.0,3687.0,-1,1.00,0
